R,Exact,LDG,LDGQ,LDP,LDPQ,WD
0.0005,1.471518E+00,1.490928E+00,1.471626E+00,1.589053E+00,1.471786E+00,1.471675E+00
0.0015,1.471519E+00,1.495327E+00,1.471574E+00,1.615412E+00,1.471959E+00,1.471742E+00
0.0025,1.471522E+00,1.494238E+00,1.471554E+00,1.608639E+00,1.472169E+00,1.471837E+00
0.0035,1.471527E+00,1.494863E+00,1.471551E+00,1.613369E+00,1.472409E+00,1.471947E+00
0.0045,1.471533E+00,1.494317E+00,1.471551E+00,1.607359E+00,1.472643E+00,1.472059E+00
0.0055,1.471540E+00,1.494770E+00,1.471557E+00,1.609986E+00,1.472887E+00,1.472176E+00
0.0065,1.471549E+00,1.494479E+00,1.471563E+00,1.608626E+00,1.473129E+00,1.472292E+00
0.0075,1.471559E+00,1.494642E+00,1.471573E+00,1.607901E+00,1.473372E+00,1.472411E+00
0.0085,1.471571E+00,1.494584E+00,1.471584E+00,1.607601E+00,1.473617E+00,1.472530E+00
0.0095,1.471584E+00,1.494618E+00,1.471598E+00,1.607095E+00,1.473861E+00,1.472651E+00
0.0105,1.471599E+00,1.494624E+00,1.471613E+00,1.606586E+00,1.474105E+00,1.472771E+00
0.0115,1.471615E+00,1.494640E+00,1.471629E+00,1.606102E+00,1.474350E+00,1.472893E+00
0.0125,1.471633E+00,1.494656E+00,1.471648E+00,1.605626E+00,1.474594E+00,1.473016E+00
0.0135,1.471652E+00,1.494673E+00,1.471668E+00,1.605153E+00,1.474839E+00,1.473139E+00
0.0145,1.471672E+00,1.494692E+00,1.471689E+00,1.604684E+00,1.475084E+00,1.473263E+00
0.0155,1.471695E+00,1.494712E+00,1.471712E+00,1.604219E+00,1.475328E+00,1.473388E+00
0.0165,1.471718E+00,1.494734E+00,1.471737E+00,1.603758E+00,1.475573E+00,1.473514E+00
0.0175,1.471743E+00,1.494757E+00,1.471764E+00,1.603301E+00,1.475818E+00,1.473640E+00
0.0185,1.471770E+00,1.494782E+00,1.471792E+00,1.602848E+00,1.476063E+00,1.473767E+00
0.0195,1.471798E+00,1.494808E+00,1.471821E+00,1.602399E+00,1.476308E+00,1.473895E+00
0.0205,1.471827E+00,1.494835E+00,1.471852E+00,1.601954E+00,1.476552E+00,1.474023E+00
0.0215,1.471858E+00,1.494864E+00,1.471885E+00,1.601513E+00,1.476797E+00,1.474153E+00
0.0225,1.471890E+00,1.494893E+00,1.471920E+00,1.601075E+00,1.477042E+00,1.474282E+00
0.0235,1.471924E+00,1.494925E+00,1.471955E+00,1.600641E+00,1.477287E+00,1.474413E+00
0.0245,1.471959E+00,1.494957E+00,1.471993E+00,1.600210E+00,1.477532E+00,1.474544E+00
0.0255,1.471996E+00,1.494991E+00,1.472032E+00,1.599783E+00,1.477777E+00,1.474676E+00
0.0265,1.472035E+00,1.495027E+00,1.472072E+00,1.599360E+00,1.478022E+00,1.474809E+00
0.0275,1.472074E+00,1.495063E+00,1.472115E+00,1.598940E+00,1.478267E+00,1.474943E+00
0.0285,1.472116E+00,1.495101E+00,1.472158E+00,1.598523E+00,1.478512E+00,1.475077E+00
0.0295,1.472158E+00,1.495140E+00,1.472203E+00,1.598110E+00,1.478757E+00,1.475212E+00
0.0305,1.472202E+00,1.495181E+00,1.472250E+00,1.597700E+00,1.479002E+00,1.475348E+00
0.0315,1.472248E+00,1.495222E+00,1.472299E+00,1.597293E+00,1.479247E+00,1.475484E+00
0.0325,1.472295E+00,1.495266E+00,1.472349E+00,1.596890E+00,1.479492E+00,1.475621E+00
0.0335,1.472344E+00,1.495310E+00,1.472400E+00,1.596490E+00,1.479738E+00,1.475759E+00
0.0345,1.472394E+00,1.495356E+00,1.472453E+00,1.596093E+00,1.479983E+00,1.475898E+00
0.0355,1.472445E+00,1.495402E+00,1.472508E+00,1.595700E+00,1.480228E+00,1.476037E+00
0.0365,1.472498E+00,1.495451E+00,1.472564E+00,1.595309E+00,1.480473E+00,1.476178E+00
0.0375,1.472553E+00,1.495500E+00,1.472621E+00,1.594922E+00,1.480719E+00,1.476319E+00
0.0385,1.472609E+00,1.495551E+00,1.472681E+00,1.594538E+00,1.480964E+00,1.476460E+00
0.0395,1.472666E+00,1.495603E+00,1.472741E+00,1.594157E+00,1.481210E+00,1.476603E+00
0.0405,1.472725E+00,1.495656E+00,1.472804E+00,1.593779E+00,1.481456E+00,1.476746E+00
0.0415,1.472786E+00,1.495711E+00,1.472868E+00,1.593404E+00,1.481701E+00,1.476890E+00
0.0425,1.472848E+00,1.495766E+00,1.472933E+00,1.593032E+00,1.481947E+00,1.477035E+00
0.0435,1.472911E+00,1.495823E+00,1.473000E+00,1.592664E+00,1.482193E+00,1.477180E+00
0.0445,1.472976E+00,1.495882E+00,1.473068E+00,1.592298E+00,1.482439E+00,1.477327E+00
0.0455,1.473042E+00,1.495941E+00,1.473139E+00,1.591935E+00,1.482685E+00,1.477474E+00
0.0465,1.473110E+00,1.496002E+00,1.473210E+00,1.591576E+00,1.482932E+00,1.477622E+00
0.0475,1.473179E+00,1.496064E+00,1.473283E+00,1.591219E+00,1.483178E+00,1.477770E+00
0.0485,1.473250E+00,1.496127E+00,1.473358E+00,1.590865E+00,1.483424E+00,1.477920E+00
0.0495,1.473322E+00,1.496192E+00,1.473434E+00,1.590514E+00,1.483671E+00,1.478070E+00
0.0505,1.473396E+00,1.496258E+00,1.473512E+00,1.590166E+00,1.483918E+00,1.478221E+00
0.0515,1.473471E+00,1.496325E+00,1.473591E+00,1.589821E+00,1.484164E+00,1.478373E+00
0.0525,1.473548E+00,1.496393E+00,1.473672E+00,1.589478E+00,1.484411E+00,1.478526E+00
0.0535,1.473626E+00,1.496462E+00,1.473755E+00,1.589139E+00,1.484658E+00,1.478679E+00
0.0545,1.473705E+00,1.496533E+00,1.473839E+00,1.588802E+00,1.484906E+00,1.478834E+00
0.0555,1.473787E+00,1.496605E+00,1.473924E+00,1.588468E+00,1.485153E+00,1.478989E+00
0.0565,1.473869E+00,1.496678E+00,1.474011E+00,1.588137E+00,1.485401E+00,1.479145E+00
0.0575,1.473953E+00,1.496753E+00,1.474100E+00,1.587809E+00,1.485648E+00,1.479302E+00
0.0585,1.474039E+00,1.496828E+00,1.474190E+00,1.587484E+00,1.485896E+00,1.479459E+00
0.0595,1.474126E+00,1.496905E+00,1.474282E+00,1.587161E+00,1.486144E+00,1.479618E+00
0.0605,1.474214E+00,1.496983E+00,1.474375E+00,1.586841E+00,1.486393E+00,1.479777E+00
0.0615,1.474304E+00,1.497063E+00,1.474470E+00,1.586524E+00,1.486641E+00,1.479937E+00
0.0625,1.474396E+00,1.497143E+00,1.474566E+00,1.586209E+00,1.486890E+00,1.480098E+00
0.0635,1.474489E+00,1.497225E+00,1.474664E+00,1.585897E+00,1.487139E+00,1.480259E+00
0.0645,1.474583E+00,1.497308E+00,1.474763E+00,1.585588E+00,1.487388E+00,1.480422E+00
0.0655,1.474679E+00,1.497392E+00,1.474864E+00,1.585282E+00,1.487637E+00,1.480585E+00
0.0665,1.474777E+00,1.497478E+00,1.474967E+00,1.584978E+00,1.487886E+00,1.480750E+00
0.0675,1.474875E+00,1.497565E+00,1.475071E+00,1.584677E+00,1.488136E+00,1.480915E+00
0.0685,1.474976E+00,1.497653E+00,1.475176E+00,1.584379E+00,1.488386E+00,1.481081E+00
0.0695,1.475078E+00,1.497742E+00,1.475283E+00,1.584083E+00,1.488636E+00,1.481248E+00
0.0705,1.475181E+00,1.497832E+00,1.475392E+00,1.583790E+00,1.488886E+00,1.481415E+00
0.0715,1.475286E+00,1.497924E+00,1.475502E+00,1.583500E+00,1.489137E+00,1.481584E+00
0.0725,1.475392E+00,1.498016E+00,1.475614E+00,1.583212E+00,1.489387E+00,1.481753E+00
0.0735,1.475500E+00,1.498111E+00,1.475727E+00,1.582926E+00,1.489638E+00,1.481923E+00
0.0745,1.475609E+00,1.498206E+00,1.475842E+00,1.582644E+00,1.489890E+00,1.482095E+00
0.0755,1.475720E+00,1.498302E+00,1.475959E+00,1.582364E+00,1.490141E+00,1.482266E+00
0.0765,1.475832E+00,1.498400E+00,1.476076E+00,1.582086E+00,1.490393E+00,1.482439E+00
0.0775,1.475946E+00,1.498499E+00,1.476196E+00,1.581811E+00,1.490645E+00,1.482613E+00
0.0785,1.476062E+00,1.498599E+00,1.476317E+00,1.581539E+00,1.490897E+00,1.482788E+00
0.0795,1.476178E+00,1.498700E+00,1.476439E+00,1.581269E+00,1.491150E+00,1.482963E+00
0.0805,1.476297E+00,1.498803E+00,1.476564E+00,1.581002E+00,1.491403E+00,1.483140E+00
0.0815,1.476416E+00,1.498907E+00,1.476689E+00,1.580737E+00,1.491656E+00,1.483317E+00
0.0825,1.476537E+00,1.499012E+00,1.476816E+00,1.580475E+00,1.491909E+00,1.483495E+00
0.0835,1.476660E+00,1.499118E+00,1.476945E+00,1.580215E+00,1.492163E+00,1.483674E+00
0.0845,1.476784E+00,1.499225E+00,1.477075E+00,1.579958E+00,1.492417E+00,1.483854E+00
0.0855,1.476910E+00,1.499334E+00,1.477207E+00,1.579703E+00,1.492671E+00,1.484035E+00
0.0865,1.477037E+00,1.499444E+00,1.477340E+00,1.579451E+00,1.492926E+00,1.484217E+00
0.0875,1.477166E+00,1.499555E+00,1.477475E+00,1.579201E+00,1.493181E+00,1.484399E+00
0.0885,1.477296E+00,1.499667E+00,1.477612E+00,1.578953E+00,1.493436E+00,1.484583E+00
0.0895,1.477428E+00,1.499781E+00,1.477750E+00,1.578709E+00,1.493692E+00,1.484768E+00
0.0905,1.477561E+00,1.499895E+00,1.477889E+00,1.578466E+00,1.493948E+00,1.484953E+00
0.0915,1.477696E+00,1.500011E+00,1.478030E+00,1.578226E+00,1.494204E+00,1.485139E+00
0.0925,1.477832E+00,1.500128E+00,1.478173E+00,1.577989E+00,1.494461E+00,1.485327E+00
0.0935,1.477970E+00,1.500247E+00,1.478317E+00,1.577754E+00,1.494717E+00,1.485515E+00
0.0945,1.478109E+00,1.500366E+00,1.478463E+00,1.577521E+00,1.494975E+00,1.485704E+00
0.0955,1.478250E+00,1.500487E+00,1.478610E+00,1.577291E+00,1.495232E+00,1.485894E+00
0.0965,1.478392E+00,1.500609E+00,1.478758E+00,1.577063E+00,1.495490E+00,1.486085E+00
0.0975,1.478535E+00,1.500732E+00,1.478909E+00,1.576838E+00,1.495749E+00,1.486277E+00
0.0985,1.478681E+00,1.500857E+00,1.479061E+00,1.576615E+00,1.496007E+00,1.486470E+00
0.0995,1.478827E+00,1.500983E+00,1.479214E+00,1.576395E+00,1.496266E+00,1.486663E+00
0.1005,1.478976E+00,1.501109E+00,1.479369E+00,1.576176E+00,1.496526E+00,1.486858E+00
0.1015,1.479125E+00,1.501238E+00,1.479525E+00,1.575961E+00,1.496786E+00,1.487054E+00
0.1025,1.479276E+00,1.501367E+00,1.479683E+00,1.575747E+00,1.497046E+00,1.487250E+00
0.1035,1.479429E+00,1.501497E+00,1.479843E+00,1.575536E+00,1.497307E+00,1.487448E+00
0.1045,1.479583E+00,1.501629E+00,1.480004E+00,1.575328E+00,1.497568E+00,1.487646E+00
0.1055,1.479739E+00,1.501762E+00,1.480167E+00,1.575122E+00,1.497829E+00,1.487846E+00
0.1065,1.479896E+00,1.501896E+00,1.480331E+00,1.574918E+00,1.498091E+00,1.488046E+00
0.1075,1.480055E+00,1.502032E+00,1.480496E+00,1.574716E+00,1.498353E+00,1.488248E+00
0.1085,1.480215E+00,1.502168E+00,1.480664E+00,1.574517E+00,1.498616E+00,1.488450E+00
0.1095,1.480377E+00,1.502306E+00,1.480833E+00,1.574320E+00,1.498879E+00,1.488654E+00
0.1105,1.480540E+00,1.502445E+00,1.481003E+00,1.574126E+00,1.499142E+00,1.488858E+00
0.1115,1.480705E+00,1.502586E+00,1.481175E+00,1.573934E+00,1.499406E+00,1.489063E+00
0.1125,1.480871E+00,1.502727E+00,1.481348E+00,1.573744E+00,1.499671E+00,1.489269E+00
0.1135,1.481039E+00,1.502870E+00,1.481523E+00,1.573557E+00,1.499935E+00,1.489477E+00
0.1145,1.481208E+00,1.503014E+00,1.481700E+00,1.573372E+00,1.500201E+00,1.489685E+00
0.1155,1.481379E+00,1.503159E+00,1.481878E+00,1.573189E+00,1.500466E+00,1.489894E+00
0.1165,1.481551E+00,1.503305E+00,1.482057E+00,1.573008E+00,1.500732E+00,1.490104E+00
0.1175,1.481725E+00,1.503453E+00,1.482239E+00,1.572830E+00,1.500999E+00,1.490316E+00
0.1185,1.481901E+00,1.503602E+00,1.482421E+00,1.572654E+00,1.501266E+00,1.490528E+00
0.1195,1.482077E+00,1.503752E+00,1.482606E+00,1.572481E+00,1.501534E+00,1.490741E+00
0.1205,1.482256E+00,1.503903E+00,1.482791E+00,1.572310E+00,1.501802E+00,1.490955E+00
0.1215,1.482436E+00,1.504056E+00,1.482979E+00,1.572141E+00,1.502070E+00,1.491170E+00
0.1225,1.482617E+00,1.504210E+00,1.483168E+00,1.571974E+00,1.502339E+00,1.491387E+00
0.1235,1.482800E+00,1.504365E+00,1.483358E+00,1.571810E+00,1.502608E+00,1.491604E+00
0.1245,1.482985E+00,1.504521E+00,1.483550E+00,1.571648E+00,1.502878E+00,1.491822E+00
0.1255,1.483170E+00,1.504678E+00,1.483744E+00,1.571488E+00,1.503149E+00,1.492041E+00
0.1265,1.483358E+00,1.504837E+00,1.483939E+00,1.571331E+00,1.503420E+00,1.492262E+00
0.1275,1.483547E+00,1.504997E+00,1.484135E+00,1.571176E+00,1.503691E+00,1.492483E+00
0.1285,1.483738E+00,1.505158E+00,1.484334E+00,1.571023E+00,1.503963E+00,1.492705E+00
0.1295,1.483930E+00,1.505321E+00,1.484533E+00,1.570872E+00,1.504236E+00,1.492929E+00
0.1305,1.484123E+00,1.505484E+00,1.484735E+00,1.570724E+00,1.504509E+00,1.493153E+00
0.1315,1.484318E+00,1.505649E+00,1.484937E+00,1.570578E+00,1.504782E+00,1.493379E+00
0.1325,1.484515E+00,1.505815E+00,1.485142E+00,1.570434E+00,1.505056E+00,1.493605E+00
0.1335,1.484713E+00,1.505983E+00,1.485348E+00,1.570292E+00,1.505331E+00,1.493833E+00
0.1345,1.484913E+00,1.506151E+00,1.485555E+00,1.570153E+00,1.505606E+00,1.494061E+00
0.1355,1.485114E+00,1.506321E+00,1.485764E+00,1.570016E+00,1.505881E+00,1.494291E+00
0.1365,1.485317E+00,1.506492E+00,1.485975E+00,1.569881E+00,1.506158E+00,1.494521E+00
0.1375,1.485521E+00,1.506665E+00,1.486187E+00,1.569748E+00,1.506434E+00,1.494753E+00
0.1385,1.485727E+00,1.506838E+00,1.486401E+00,1.569618E+00,1.506712E+00,1.494986E+00
0.1395,1.485934E+00,1.507013E+00,1.486616E+00,1.569490E+00,1.506990E+00,1.495220E+00
0.1405,1.486143E+00,1.507189E+00,1.486833E+00,1.569364E+00,1.507268E+00,1.495454E+00
0.1415,1.486353E+00,1.507366E+00,1.487051E+00,1.569241E+00,1.507547E+00,1.495690E+00
0.1425,1.486565E+00,1.507545E+00,1.487271E+00,1.569119E+00,1.507827E+00,1.495927E+00
0.1435,1.486779E+00,1.507725E+00,1.487492E+00,1.569000E+00,1.508107E+00,1.496165E+00
0.1445,1.486994E+00,1.507906E+00,1.487715E+00,1.568883E+00,1.508387E+00,1.496405E+00
0.1455,1.487210E+00,1.508088E+00,1.487940E+00,1.568769E+00,1.508669E+00,1.496645E+00
0.1465,1.487429E+00,1.508272E+00,1.488166E+00,1.568656E+00,1.508951E+00,1.496886E+00
0.1475,1.487648E+00,1.508457E+00,1.488394E+00,1.568546E+00,1.509233E+00,1.497129E+00
0.1485,1.487869E+00,1.508643E+00,1.488623E+00,1.568438E+00,1.509516E+00,1.497372E+00
0.1495,1.488092E+00,1.508830E+00,1.488854E+00,1.568333E+00,1.509800E+00,1.497617E+00
0.1505,1.488316E+00,1.509019E+00,1.489086E+00,1.568229E+00,1.510084E+00,1.497862E+00
0.1515,1.488542E+00,1.509209E+00,1.489320E+00,1.568128E+00,1.510369E+00,1.498109E+00
0.1525,1.488769E+00,1.509400E+00,1.489556E+00,1.568029E+00,1.510655E+00,1.498357E+00
0.1535,1.488998E+00,1.509592E+00,1.489793E+00,1.567932E+00,1.510941E+00,1.498606E+00
0.1545,1.489229E+00,1.509786E+00,1.490031E+00,1.567837E+00,1.511228E+00,1.498856E+00
0.1555,1.489461E+00,1.509981E+00,1.490271E+00,1.567745E+00,1.511515E+00,1.499107E+00
0.1565,1.489694E+00,1.510177E+00,1.490513E+00,1.567655E+00,1.511804E+00,1.499359E+00
0.1575,1.489929E+00,1.510374E+00,1.490756E+00,1.567567E+00,1.512092E+00,1.499612E+00
0.1585,1.490166E+00,1.510573E+00,1.491001E+00,1.567481E+00,1.512382E+00,1.499867E+00
0.1595,1.490404E+00,1.510773E+00,1.491247E+00,1.567398E+00,1.512672E+00,1.500122E+00
0.1605,1.490644E+00,1.510975E+00,1.491495E+00,1.567316E+00,1.512962E+00,1.500379E+00
0.1615,1.490885E+00,1.511177E+00,1.491745E+00,1.567237E+00,1.513254E+00,1.500637E+00
0.1625,1.491128E+00,1.511381E+00,1.491996E+00,1.567160E+00,1.513546E+00,1.500896E+00
0.1635,1.491372E+00,1.511586E+00,1.492249E+00,1.567085E+00,1.513839E+00,1.501156E+00
0.1645,1.491618E+00,1.511793E+00,1.492503E+00,1.567013E+00,1.514132E+00,1.501417E+00
0.1655,1.491866E+00,1.512000E+00,1.492758E+00,1.566943E+00,1.514426E+00,1.501680E+00
0.1665,1.492115E+00,1.512209E+00,1.493016E+00,1.566875E+00,1.514721E+00,1.501943E+00
0.1675,1.492366E+00,1.512420E+00,1.493275E+00,1.566809E+00,1.515016E+00,1.502208E+00
0.1685,1.492618E+00,1.512631E+00,1.493535E+00,1.566745E+00,1.515312E+00,1.502473E+00
0.1695,1.492872E+00,1.512844E+00,1.493797E+00,1.566683E+00,1.515609E+00,1.502740E+00
0.1705,1.493127E+00,1.513058E+00,1.494061E+00,1.566624E+00,1.515907E+00,1.503008E+00
0.1715,1.493384E+00,1.513274E+00,1.494326E+00,1.566567E+00,1.516205E+00,1.503278E+00
0.1725,1.493642E+00,1.513490E+00,1.494593E+00,1.566512E+00,1.516504E+00,1.503548E+00
0.1735,1.493902E+00,1.513708E+00,1.494861E+00,1.566459E+00,1.516804E+00,1.503819E+00
0.1745,1.494164E+00,1.513928E+00,1.495131E+00,1.566409E+00,1.517104E+00,1.504092E+00
0.1755,1.494427E+00,1.514148E+00,1.495402E+00,1.566360E+00,1.517405E+00,1.504366E+00
0.1765,1.494692E+00,1.514370E+00,1.495675E+00,1.566314E+00,1.517707E+00,1.504641E+00
0.1775,1.494958E+00,1.514594E+00,1.495950E+00,1.566270E+00,1.518010E+00,1.504917E+00
0.1785,1.495226E+00,1.514818E+00,1.496226E+00,1.566229E+00,1.518313E+00,1.505195E+00
0.1795,1.495495E+00,1.515044E+00,1.496504E+00,1.566189E+00,1.518617E+00,1.505473E+00
0.1805,1.495766E+00,1.515271E+00,1.496783E+00,1.566152E+00,1.518922E+00,1.505753E+00
0.1815,1.496039E+00,1.515500E+00,1.497064E+00,1.566117E+00,1.519228E+00,1.506034E+00
0.1825,1.496313E+00,1.515729E+00,1.497346E+00,1.566084E+00,1.519534E+00,1.506316E+00
0.1835,1.496589E+00,1.515961E+00,1.497630E+00,1.566053E+00,1.519841E+00,1.506599E+00
0.1845,1.496866E+00,1.516193E+00,1.497916E+00,1.566024E+00,1.520149E+00,1.506884E+00
0.1855,1.497145E+00,1.516427E+00,1.498203E+00,1.565998E+00,1.520458E+00,1.507169E+00
0.1865,1.497426E+00,1.516662E+00,1.498492E+00,1.565974E+00,1.520767E+00,1.507456E+00
0.1875,1.497708E+00,1.516898E+00,1.498782E+00,1.565952E+00,1.521078E+00,1.507744E+00
0.1885,1.497991E+00,1.517136E+00,1.499074E+00,1.565932E+00,1.521389E+00,1.508033E+00
0.1895,1.498277E+00,1.517375E+00,1.499368E+00,1.565914E+00,1.521701E+00,1.508324E+00
0.1905,1.498563E+00,1.517615E+00,1.499663E+00,1.565899E+00,1.522013E+00,1.508616E+00
0.1915,1.498852E+00,1.517857E+00,1.499959E+00,1.565885E+00,1.522327E+00,1.508908E+00
0.1925,1.499142E+00,1.518100E+00,1.500257E+00,1.565874E+00,1.522641E+00,1.509203E+00
0.1935,1.499433E+00,1.518345E+00,1.500557E+00,1.565865E+00,1.522956E+00,1.509498E+00
0.1945,1.499727E+00,1.518590E+00,1.500859E+00,1.565859E+00,1.523272E+00,1.509794E+00
0.1955,1.500021E+00,1.518837E+00,1.501162E+00,1.565854E+00,1.523588E+00,1.510092E+00
0.1965,1.500318E+00,1.519086E+00,1.501466E+00,1.565852E+00,1.523906E+00,1.510391E+00
0.1975,1.500616E+00,1.519336E+00,1.501772E+00,1.565852E+00,1.524224E+00,1.510692E+00
0.1985,1.500915E+00,1.519587E+00,1.502080E+00,1.565854E+00,1.524543E+00,1.510993E+00
0.1995,1.501216E+00,1.519839E+00,1.502389E+00,1.565858E+00,1.524863E+00,1.511296E+00
0.2005,1.501519E+00,1.520093E+00,1.502700E+00,1.565865E+00,1.525184E+00,1.511600E+00
0.2015,1.501824E+00,1.520348E+00,1.503013E+00,1.565874E+00,1.525506E+00,1.511905E+00
0.2025,1.502130E+00,1.520605E+00,1.503327E+00,1.565884E+00,1.525829E+00,1.512211E+00
0.2035,1.502437E+00,1.520863E+00,1.503643E+00,1.565897E+00,1.526152E+00,1.512519E+00
0.2045,1.502746E+00,1.521122E+00,1.503960E+00,1.565913E+00,1.526476E+00,1.512828E+00
0.2055,1.503057E+00,1.521382E+00,1.504279E+00,1.565930E+00,1.526801E+00,1.513138E+00
0.2065,1.503370E+00,1.521644E+00,1.504599E+00,1.565950E+00,1.527127E+00,1.513450E+00
0.2075,1.503684E+00,1.521908E+00,1.504921E+00,1.565972E+00,1.527454E+00,1.513762E+00
0.2085,1.503999E+00,1.522172E+00,1.505245E+00,1.565996E+00,1.527782E+00,1.514076E+00
0.2095,1.504316E+00,1.522439E+00,1.505570E+00,1.566022E+00,1.528111E+00,1.514392E+00
0.2105,1.504635E+00,1.522706E+00,1.505897E+00,1.566051E+00,1.528440E+00,1.514708E+00
0.2115,1.504956E+00,1.522975E+00,1.506225E+00,1.566081E+00,1.528771E+00,1.515026E+00
0.2125,1.505278E+00,1.523245E+00,1.506556E+00,1.566114E+00,1.529102E+00,1.515345E+00
0.2135,1.505601E+00,1.523517E+00,1.506887E+00,1.566149E+00,1.529434E+00,1.515665E+00
0.2145,1.505927E+00,1.523790E+00,1.507220E+00,1.566186E+00,1.529768E+00,1.515987E+00
0.2155,1.506254E+00,1.524064E+00,1.507555E+00,1.566226E+00,1.530102E+00,1.516310E+00
0.2165,1.506582E+00,1.524340E+00,1.507892E+00,1.566268E+00,1.530437E+00,1.516634E+00
0.2175,1.506912E+00,1.524617E+00,1.508230E+00,1.566312E+00,1.530773E+00,1.516960E+00
0.2185,1.507244E+00,1.524896E+00,1.508569E+00,1.566358E+00,1.531109E+00,1.517287E+00
0.2195,1.507578E+00,1.525176E+00,1.508911E+00,1.566406E+00,1.531447E+00,1.517615E+00
0.2205,1.507913E+00,1.525457E+00,1.509254E+00,1.566457E+00,1.531786E+00,1.517944E+00
0.2215,1.508249E+00,1.525740E+00,1.509598E+00,1.566509E+00,1.532126E+00,1.518275E+00
0.2225,1.508588E+00,1.526024E+00,1.509944E+00,1.566564E+00,1.532466E+00,1.518607E+00
0.2235,1.508928E+00,1.526309E+00,1.510292E+00,1.566621E+00,1.532808E+00,1.518940E+00
0.2245,1.509269E+00,1.526596E+00,1.510641E+00,1.566681E+00,1.533150E+00,1.519275E+00
0.2255,1.509613E+00,1.526885E+00,1.510992E+00,1.566742E+00,1.533494E+00,1.519611E+00
0.2265,1.509957E+00,1.527175E+00,1.511345E+00,1.566806E+00,1.533838E+00,1.519948E+00
0.2275,1.510304E+00,1.527466E+00,1.511699E+00,1.566872E+00,1.534184E+00,1.520287E+00
0.2285,1.510652E+00,1.527759E+00,1.512054E+00,1.566941E+00,1.534530E+00,1.520627E+00
0.2295,1.511002E+00,1.528053E+00,1.512412E+00,1.567011E+00,1.534878E+00,1.520968E+00
0.2305,1.511353E+00,1.528348E+00,1.512771E+00,1.567084E+00,1.535226E+00,1.521311E+00
0.2315,1.511706E+00,1.528645E+00,1.513131E+00,1.567159E+00,1.535576E+00,1.521655E+00
0.2325,1.512061E+00,1.528944E+00,1.513494E+00,1.567236E+00,1.535926E+00,1.522000E+00
0.2335,1.512418E+00,1.529243E+00,1.513858E+00,1.567315E+00,1.536277E+00,1.522347E+00
0.2345,1.512776E+00,1.529545E+00,1.514223E+00,1.567397E+00,1.536630E+00,1.522695E+00
0.2355,1.513135E+00,1.529847E+00,1.514590E+00,1.567481E+00,1.536983E+00,1.523045E+00
0.2365,1.513497E+00,1.530152E+00,1.514959E+00,1.567567E+00,1.537338E+00,1.523395E+00
0.2375,1.513860E+00,1.530457E+00,1.515329E+00,1.567655E+00,1.537693E+00,1.523747E+00
0.2385,1.514224E+00,1.530764E+00,1.515701E+00,1.567746E+00,1.538050E+00,1.524101E+00
0.2395,1.514591E+00,1.531073E+00,1.516075E+00,1.567838E+00,1.538407E+00,1.524456E+00
0.2405,1.514959E+00,1.531383E+00,1.516450E+00,1.567933E+00,1.538766E+00,1.524812E+00
0.2415,1.515328E+00,1.531694E+00,1.516827E+00,1.568031E+00,1.539125E+00,1.525170E+00
0.2425,1.515700E+00,1.532007E+00,1.517205E+00,1.568130E+00,1.539486E+00,1.525528E+00
0.2435,1.516072E+00,1.532321E+00,1.517585E+00,1.568232E+00,1.539848E+00,1.525889E+00
0.2445,1.516447E+00,1.532637E+00,1.517967E+00,1.568336E+00,1.540210E+00,1.526251E+00
0.2455,1.516823E+00,1.532954E+00,1.518351E+00,1.568442E+00,1.540574E+00,1.526614E+00
0.2465,1.517201E+00,1.533273E+00,1.518736E+00,1.568551E+00,1.540939E+00,1.526978E+00
0.2475,1.517581E+00,1.533593E+00,1.519122E+00,1.568661E+00,1.541305E+00,1.527344E+00
0.2485,1.517962E+00,1.533915E+00,1.519511E+00,1.568774E+00,1.541672E+00,1.527711E+00
0.2495,1.518345E+00,1.534238E+00,1.519901E+00,1.568890E+00,1.542040E+00,1.528080E+00
0.2505,1.518730E+00,1.534563E+00,1.520292E+00,1.569007E+00,1.542409E+00,1.528450E+00
0.2515,1.519116E+00,1.534889E+00,1.520685E+00,1.569127E+00,1.542780E+00,1.528821E+00
0.2525,1.519504E+00,1.535217E+00,1.521080E+00,1.569249E+00,1.543151E+00,1.529194E+00
0.2535,1.519894E+00,1.535546E+00,1.521477E+00,1.569373E+00,1.543523E+00,1.529569E+00
0.2545,1.520286E+00,1.535877E+00,1.521875E+00,1.569500E+00,1.543897E+00,1.529944E+00
0.2555,1.520679E+00,1.536209E+00,1.522275E+00,1.569629E+00,1.544272E+00,1.530322E+00
0.2565,1.521073E+00,1.536543E+00,1.522676E+00,1.569760E+00,1.544648E+00,1.530700E+00
0.2575,1.521470E+00,1.536878E+00,1.523079E+00,1.569893E+00,1.545025E+00,1.531080E+00
0.2585,1.521868E+00,1.537214E+00,1.523484E+00,1.570029E+00,1.545403E+00,1.531462E+00
0.2595,1.522268E+00,1.537553E+00,1.523890E+00,1.570167E+00,1.545782E+00,1.531844E+00
0.2605,1.522669E+00,1.537892E+00,1.524299E+00,1.570307E+00,1.546162E+00,1.532229E+00
0.2615,1.523073E+00,1.538234E+00,1.524708E+00,1.570450E+00,1.546544E+00,1.532614E+00
0.2625,1.523478E+00,1.538576E+00,1.525120E+00,1.570594E+00,1.546926E+00,1.533002E+00
0.2635,1.523884E+00,1.538921E+00,1.525533E+00,1.570742E+00,1.547310E+00,1.533390E+00
0.2645,1.524293E+00,1.539267E+00,1.525947E+00,1.570891E+00,1.547695E+00,1.533780E+00
0.2655,1.524703E+00,1.539614E+00,1.526364E+00,1.571043E+00,1.548081E+00,1.534172E+00
0.2665,1.525115E+00,1.539963E+00,1.526782E+00,1.571197E+00,1.548469E+00,1.534565E+00
0.2675,1.525528E+00,1.540313E+00,1.527201E+00,1.571353E+00,1.548857E+00,1.534959E+00
0.2685,1.525943E+00,1.540665E+00,1.527623E+00,1.571511E+00,1.549247E+00,1.535355E+00
0.2695,1.526360E+00,1.541019E+00,1.528046E+00,1.571672E+00,1.549638E+00,1.535753E+00
0.2705,1.526779E+00,1.541374E+00,1.528471E+00,1.571835E+00,1.550030E+00,1.536151E+00
0.2715,1.527199E+00,1.541731E+00,1.528897E+00,1.572001E+00,1.550423E+00,1.536552E+00
0.2725,1.527621E+00,1.542089E+00,1.529325E+00,1.572169E+00,1.550817E+00,1.536953E+00
0.2735,1.528045E+00,1.542449E+00,1.529755E+00,1.572339E+00,1.551213E+00,1.537357E+00
0.2745,1.528470E+00,1.542810E+00,1.530186E+00,1.572511E+00,1.551610E+00,1.537762E+00
0.2755,1.528898E+00,1.543173E+00,1.530619E+00,1.572686E+00,1.552008E+00,1.538168E+00
0.2765,1.529327E+00,1.543538E+00,1.531054E+00,1.572863E+00,1.552407E+00,1.538576E+00
0.2775,1.529757E+00,1.543904E+00,1.531490E+00,1.573042E+00,1.552808E+00,1.538985E+00
0.2785,1.530190E+00,1.544271E+00,1.531928E+00,1.573224E+00,1.553209E+00,1.539395E+00
0.2795,1.530624E+00,1.544641E+00,1.532368E+00,1.573408E+00,1.553612E+00,1.539808E+00
0.2805,1.531060E+00,1.545011E+00,1.532810E+00,1.573594E+00,1.554017E+00,1.540221E+00
0.2815,1.531497E+00,1.545384E+00,1.533253E+00,1.573783E+00,1.554422E+00,1.540637E+00
0.2825,1.531937E+00,1.545758E+00,1.533698E+00,1.573974E+00,1.554829E+00,1.541054E+00
0.2835,1.532378E+00,1.546134E+00,1.534144E+00,1.574167E+00,1.555237E+00,1.541472E+00
0.2845,1.532821E+00,1.546511E+00,1.534593E+00,1.574363E+00,1.555646E+00,1.541892E+00
0.2855,1.533265E+00,1.546890E+00,1.535043E+00,1.574561E+00,1.556057E+00,1.542313E+00
0.2865,1.533712E+00,1.547270E+00,1.535494E+00,1.574761E+00,1.556469E+00,1.542736E+00
0.2875,1.534160E+00,1.547652E+00,1.535948E+00,1.574964E+00,1.556882E+00,1.543160E+00
0.2885,1.534610E+00,1.548036E+00,1.536403E+00,1.575169E+00,1.557296E+00,1.543586E+00
0.2895,1.535061E+00,1.548421E+00,1.536859E+00,1.575377E+00,1.557712E+00,1.544014E+00
0.2905,1.535515E+00,1.548808E+00,1.537318E+00,1.575587E+00,1.558129E+00,1.544443E+00
0.2915,1.535970E+00,1.549197E+00,1.537778E+00,1.575799E+00,1.558547E+00,1.544873E+00
0.2925,1.536427E+00,1.549587E+00,1.538240E+00,1.576013E+00,1.558967E+00,1.545305E+00
0.2935,1.536885E+00,1.549979E+00,1.538703E+00,1.576230E+00,1.559387E+00,1.545739E+00
0.2945,1.537346E+00,1.550372E+00,1.539169E+00,1.576450E+00,1.559810E+00,1.546174E+00
0.2955,1.537808E+00,1.550767E+00,1.539636E+00,1.576671E+00,1.560233E+00,1.546611E+00
0.2965,1.538272E+00,1.551164E+00,1.540104E+00,1.576895E+00,1.560658E+00,1.547049E+00
0.2975,1.538738E+00,1.551562E+00,1.540575E+00,1.577122E+00,1.561084E+00,1.547489E+00
0.2985,1.539205E+00,1.551962E+00,1.541047E+00,1.577350E+00,1.561512E+00,1.547931E+00
0.2995,1.539674E+00,1.552364E+00,1.541521E+00,1.577582E+00,1.561941E+00,1.548374E+00
0.3005,1.540145E+00,1.552768E+00,1.541996E+00,1.577815E+00,1.562371E+00,1.548818E+00
0.3015,1.540618E+00,1.553173E+00,1.542474E+00,1.578051E+00,1.562803E+00,1.549264E+00
0.3025,1.541093E+00,1.553579E+00,1.542953E+00,1.578290E+00,1.563236E+00,1.549712E+00
0.3035,1.541569E+00,1.553988E+00,1.543433E+00,1.578530E+00,1.563670E+00,1.550162E+00
0.3045,1.542047E+00,1.554398E+00,1.543916E+00,1.578774E+00,1.564106E+00,1.550613E+00
0.3055,1.542527E+00,1.554810E+00,1.544400E+00,1.579019E+00,1.564543E+00,1.551065E+00
0.3065,1.543009E+00,1.555223E+00,1.544886E+00,1.579267E+00,1.564982E+00,1.551519E+00
0.3075,1.543493E+00,1.555638E+00,1.545374E+00,1.579518E+00,1.565422E+00,1.551975E+00
0.3085,1.543978E+00,1.556055E+00,1.545863E+00,1.579771E+00,1.565863E+00,1.552433E+00
0.3095,1.544465E+00,1.556474E+00,1.546354E+00,1.580026E+00,1.566306E+00,1.552892E+00
0.3105,1.544954E+00,1.556894E+00,1.546847E+00,1.580284E+00,1.566750E+00,1.553352E+00
0.3115,1.545445E+00,1.557316E+00,1.547342E+00,1.580544E+00,1.567195E+00,1.553814E+00
0.3125,1.545938E+00,1.557740E+00,1.547838E+00,1.580806E+00,1.567642E+00,1.554278E+00
0.3135,1.546432E+00,1.558165E+00,1.548336E+00,1.581071E+00,1.568091E+00,1.554744E+00
0.3145,1.546928E+00,1.558592E+00,1.548836E+00,1.581339E+00,1.568541E+00,1.555211E+00
0.3155,1.547426E+00,1.559021E+00,1.549338E+00,1.581609E+00,1.568992E+00,1.555680E+00
0.3165,1.547926E+00,1.559452E+00,1.549841E+00,1.581881E+00,1.569445E+00,1.556150E+00
0.3175,1.548428E+00,1.559884E+00,1.550347E+00,1.582156E+00,1.569899E+00,1.556622E+00
0.3185,1.548931E+00,1.560318E+00,1.550854E+00,1.582433E+00,1.570354E+00,1.557096E+00
0.3195,1.549436E+00,1.560754E+00,1.551362E+00,1.582713E+00,1.570811E+00,1.557571E+00
0.3205,1.549944E+00,1.561191E+00,1.551873E+00,1.582995E+00,1.571270E+00,1.558048E+00
0.3215,1.550453E+00,1.561631E+00,1.552385E+00,1.583280E+00,1.571730E+00,1.558527E+00
0.3225,1.550963E+00,1.562072E+00,1.552899E+00,1.583567E+00,1.572192E+00,1.559007E+00
0.3235,1.551476E+00,1.562515E+00,1.553415E+00,1.583856E+00,1.572655E+00,1.559489E+00
0.3245,1.551990E+00,1.562959E+00,1.553932E+00,1.584148E+00,1.573119E+00,1.559973E+00
0.3255,1.552507E+00,1.563406E+00,1.554451E+00,1.584443E+00,1.573585E+00,1.560458E+00
0.3265,1.553025E+00,1.563854E+00,1.554973E+00,1.584740E+00,1.574053E+00,1.560945E+00
0.3275,1.553545E+00,1.564304E+00,1.555495E+00,1.585040E+00,1.574522E+00,1.561434E+00
0.3285,1.554067E+00,1.564755E+00,1.556020E+00,1.585342E+00,1.574992E+00,1.561924E+00
0.3295,1.554590E+00,1.565209E+00,1.556546E+00,1.585646E+00,1.575465E+00,1.562416E+00
0.3305,1.555116E+00,1.565664E+00,1.557075E+00,1.585953E+00,1.575938E+00,1.562910E+00
0.3315,1.555643E+00,1.566121E+00,1.557605E+00,1.586263E+00,1.576413E+00,1.563405E+00
0.3325,1.556173E+00,1.566580E+00,1.558137E+00,1.586575E+00,1.576890E+00,1.563903E+00
0.3335,1.556704E+00,1.567041E+00,1.558670E+00,1.586889E+00,1.577368E+00,1.564401E+00
0.3345,1.557237E+00,1.567503E+00,1.559206E+00,1.587206E+00,1.577848E+00,1.564902E+00
0.3355,1.557771E+00,1.567968E+00,1.559743E+00,1.587526E+00,1.578329E+00,1.565404E+00
0.3365,1.558308E+00,1.568434E+00,1.560282E+00,1.587848E+00,1.578812E+00,1.565908E+00
0.3375,1.558847E+00,1.568902E+00,1.560823E+00,1.588173E+00,1.579297E+00,1.566414E+00
0.3385,1.559387E+00,1.569372E+00,1.561365E+00,1.588500E+00,1.579783E+00,1.566921E+00
0.3395,1.559929E+00,1.569843E+00,1.561910E+00,1.588830E+00,1.580271E+00,1.567431E+00
0.3405,1.560474E+00,1.570317E+00,1.562456E+00,1.589162E+00,1.580760E+00,1.567942E+00
0.3415,1.561020E+00,1.570792E+00,1.563004E+00,1.589497E+00,1.581251E+00,1.568454E+00
0.3425,1.561568E+00,1.571269E+00,1.563554E+00,1.589834E+00,1.581743E+00,1.568969E+00
0.3435,1.562118E+00,1.571748E+00,1.564105E+00,1.590174E+00,1.582237E+00,1.569485E+00
0.3445,1.562669E+00,1.572229E+00,1.564659E+00,1.590517E+00,1.582733E+00,1.570003E+00
0.3455,1.563223E+00,1.572712E+00,1.565214E+00,1.590862E+00,1.583231E+00,1.570522E+00
0.3465,1.563779E+00,1.573197E+00,1.565771E+00,1.591209E+00,1.583730E+00,1.571044E+00
0.3475,1.564336E+00,1.573683E+00,1.566330E+00,1.591560E+00,1.584230E+00,1.571567E+00
0.3485,1.564895E+00,1.574172E+00,1.566891E+00,1.591912E+00,1.584732E+00,1.572092E+00
0.3495,1.565457E+00,1.574662E+00,1.567454E+00,1.592268E+00,1.585236E+00,1.572619E+00
0.3505,1.566020E+00,1.575154E+00,1.568018E+00,1.592626E+00,1.585742E+00,1.573147E+00
0.3515,1.566585E+00,1.575648E+00,1.568585E+00,1.592986E+00,1.586249E+00,1.573677E+00
0.3525,1.567152E+00,1.576144E+00,1.569153E+00,1.593349E+00,1.586758E+00,1.574209E+00
0.3535,1.567721E+00,1.576642E+00,1.569723E+00,1.593715E+00,1.587269E+00,1.574743E+00
0.3545,1.568292E+00,1.577142E+00,1.570295E+00,1.594084E+00,1.587781E+00,1.575279E+00
0.3555,1.568864E+00,1.577643E+00,1.570869E+00,1.594455E+00,1.588295E+00,1.575816E+00
0.3565,1.569439E+00,1.578147E+00,1.571444E+00,1.594828E+00,1.588810E+00,1.576355E+00
0.3575,1.570015E+00,1.578652E+00,1.572022E+00,1.595204E+00,1.589328E+00,1.576896E+00
0.3585,1.570594E+00,1.579160E+00,1.572601E+00,1.595583E+00,1.589847E+00,1.577439E+00
0.3595,1.571174E+00,1.579669E+00,1.573182E+00,1.595965E+00,1.590368E+00,1.577984E+00
0.3605,1.571757E+00,1.580180E+00,1.573765E+00,1.596349E+00,1.590890E+00,1.578530E+00
0.3615,1.572341E+00,1.580694E+00,1.574350E+00,1.596735E+00,1.591414E+00,1.579079E+00
0.3625,1.572927E+00,1.581209E+00,1.574937E+00,1.597125E+00,1.591940E+00,1.579629E+00
0.3635,1.573516E+00,1.581726E+00,1.575526E+00,1.597517E+00,1.592468E+00,1.580181E+00
0.3645,1.574106E+00,1.582245E+00,1.576116E+00,1.597911E+00,1.592998E+00,1.580735E+00
0.3655,1.574698E+00,1.582766E+00,1.576709E+00,1.598309E+00,1.593529E+00,1.581290E+00
0.3665,1.575292E+00,1.583289E+00,1.577303E+00,1.598709E+00,1.594062E+00,1.581848E+00
0.3675,1.575888E+00,1.583814E+00,1.577899E+00,1.599111E+00,1.594597E+00,1.582407E+00
0.3685,1.576486E+00,1.584341E+00,1.578497E+00,1.599517E+00,1.595133E+00,1.582968E+00
0.3695,1.577086E+00,1.584870E+00,1.579097E+00,1.599925E+00,1.595671E+00,1.583531E+00
0.3705,1.577688E+00,1.585401E+00,1.579699E+00,1.600335E+00,1.596211E+00,1.584096E+00
0.3715,1.578292E+00,1.585934E+00,1.580303E+00,1.600749E+00,1.596753E+00,1.584663E+00
0.3725,1.578898E+00,1.586469E+00,1.580909E+00,1.601165E+00,1.597297E+00,1.585232E+00
0.3735,1.579506E+00,1.587006E+00,1.581517E+00,1.601584E+00,1.597843E+00,1.585802E+00
0.3745,1.580115E+00,1.587545E+00,1.582126E+00,1.602005E+00,1.598390E+00,1.586374E+00
0.3755,1.580727E+00,1.588086E+00,1.582738E+00,1.602429E+00,1.598939E+00,1.586949E+00
0.3765,1.581341E+00,1.588629E+00,1.583351E+00,1.602856E+00,1.599490E+00,1.587525E+00
0.3775,1.581957E+00,1.589175E+00,1.583966E+00,1.603286E+00,1.600043E+00,1.588103E+00
0.3785,1.582575E+00,1.589722E+00,1.584583E+00,1.603718E+00,1.600598E+00,1.588683E+00
0.3795,1.583194E+00,1.590271E+00,1.585203E+00,1.604153E+00,1.601154E+00,1.589265E+00
0.3805,1.583816E+00,1.590822E+00,1.585824E+00,1.604591E+00,1.601713E+00,1.589848E+00
0.3815,1.584440E+00,1.591375E+00,1.586447E+00,1.605031E+00,1.602273E+00,1.590434E+00
0.3825,1.585066E+00,1.591931E+00,1.587072E+00,1.605474E+00,1.602835E+00,1.591022E+00
0.3835,1.585694E+00,1.592488E+00,1.587699E+00,1.605920E+00,1.603399E+00,1.591611E+00
0.3845,1.586323E+00,1.593047E+00,1.588327E+00,1.606369E+00,1.603965E+00,1.592203E+00
0.3855,1.586955E+00,1.593609E+00,1.588958E+00,1.606821E+00,1.604533E+00,1.592796E+00
0.3865,1.587589E+00,1.594173E+00,1.589591E+00,1.607275E+00,1.605102E+00,1.593391E+00
0.3875,1.588225E+00,1.594738E+00,1.590226E+00,1.607732E+00,1.605674E+00,1.593989E+00
0.3885,1.588863E+00,1.595306E+00,1.590862E+00,1.608192E+00,1.606248E+00,1.594588E+00
0.3895,1.589503E+00,1.595876E+00,1.591501E+00,1.608654E+00,1.606823E+00,1.595189E+00
0.3905,1.590145E+00,1.596448E+00,1.592142E+00,1.609120E+00,1.607400E+00,1.595792E+00
0.3915,1.590789E+00,1.597022E+00,1.592784E+00,1.609588E+00,1.607980E+00,1.596397E+00
0.3925,1.591435E+00,1.597598E+00,1.593429E+00,1.610059E+00,1.608561E+00,1.597004E+00
0.3935,1.592083E+00,1.598177E+00,1.594075E+00,1.610532E+00,1.609144E+00,1.597613E+00
0.3945,1.592733E+00,1.598757E+00,1.594724E+00,1.611009E+00,1.609729E+00,1.598224E+00
0.3955,1.593385E+00,1.599340E+00,1.595374E+00,1.611488E+00,1.610317E+00,1.598837E+00
0.3965,1.594039E+00,1.599924E+00,1.596027E+00,1.611971E+00,1.610906E+00,1.599452E+00
0.3975,1.594696E+00,1.600511E+00,1.596681E+00,1.612456E+00,1.611497E+00,1.600069E+00
0.3985,1.595354E+00,1.601100E+00,1.597338E+00,1.612943E+00,1.612090E+00,1.600687E+00
0.3995,1.596015E+00,1.601691E+00,1.597996E+00,1.613434E+00,1.612685E+00,1.601308E+00
0.4005,1.596677E+00,1.602285E+00,1.598657E+00,1.613927E+00,1.613282E+00,1.601931E+00
0.4015,1.597342E+00,1.602880E+00,1.599319E+00,1.614424E+00,1.613881E+00,1.602556E+00
0.4025,1.598008E+00,1.603478E+00,1.599984E+00,1.614923E+00,1.614482E+00,1.603183E+00
0.4035,1.598677E+00,1.604078E+00,1.600650E+00,1.615425E+00,1.615086E+00,1.603812E+00
0.4045,1.599348E+00,1.604680E+00,1.601319E+00,1.615930E+00,1.615691E+00,1.604443E+00
0.4055,1.600021E+00,1.605284E+00,1.601990E+00,1.616438E+00,1.616298E+00,1.605076E+00
0.4065,1.600696E+00,1.605891E+00,1.602662E+00,1.616948E+00,1.616907E+00,1.605711E+00
0.4075,1.601373E+00,1.606499E+00,1.603337E+00,1.617462E+00,1.617519E+00,1.606348E+00
0.4085,1.602052E+00,1.607110E+00,1.604014E+00,1.617978E+00,1.618132E+00,1.606987E+00
0.4095,1.602733E+00,1.607723E+00,1.604692E+00,1.618497E+00,1.618748E+00,1.607628E+00
0.4105,1.603417E+00,1.608338E+00,1.605373E+00,1.619020E+00,1.619365E+00,1.608271E+00
0.4115,1.604102E+00,1.608956E+00,1.606056E+00,1.619545E+00,1.619985E+00,1.608916E+00
0.4125,1.604790E+00,1.609576E+00,1.606741E+00,1.620073E+00,1.620607E+00,1.609563E+00
0.4135,1.605480E+00,1.610198E+00,1.607428E+00,1.620603E+00,1.621231E+00,1.610213E+00
0.4145,1.606171E+00,1.610822E+00,1.608117E+00,1.621137E+00,1.621857E+00,1.610864E+00
0.4155,1.606865E+00,1.611449E+00,1.608808E+00,1.621674E+00,1.622485E+00,1.611518E+00
0.4165,1.607561E+00,1.612077E+00,1.609501E+00,1.622214E+00,1.623115E+00,1.612173E+00
0.4175,1.608260E+00,1.612708E+00,1.610196E+00,1.622756E+00,1.623747E+00,1.612831E+00
0.4185,1.608960E+00,1.613342E+00,1.610893E+00,1.623302E+00,1.624382E+00,1.613491E+00
0.4195,1.609663E+00,1.613977E+00,1.611593E+00,1.623850E+00,1.625018E+00,1.614152E+00
0.4205,1.610367E+00,1.614615E+00,1.612294E+00,1.624402E+00,1.625657E+00,1.614816E+00
0.4215,1.611074E+00,1.615255E+00,1.612998E+00,1.624956E+00,1.626298E+00,1.615482E+00
0.4225,1.611783E+00,1.615898E+00,1.613703E+00,1.625513E+00,1.626941E+00,1.616151E+00
0.4235,1.612494E+00,1.616543E+00,1.614411E+00,1.626074E+00,1.627587E+00,1.616821E+00
0.4245,1.613208E+00,1.617190E+00,1.615121E+00,1.626637E+00,1.628234E+00,1.617493E+00
0.4255,1.613923E+00,1.617839E+00,1.615833E+00,1.627203E+00,1.628884E+00,1.618168E+00
0.4265,1.614641E+00,1.618491E+00,1.616547E+00,1.627772E+00,1.629536E+00,1.618844E+00
0.4275,1.615360E+00,1.619145E+00,1.617263E+00,1.628345E+00,1.630190E+00,1.619523E+00
0.4285,1.616082E+00,1.619802E+00,1.617982E+00,1.628920E+00,1.630846E+00,1.620204E+00
0.4295,1.616807E+00,1.620460E+00,1.618702E+00,1.629498E+00,1.631505E+00,1.620887E+00
0.4305,1.617533E+00,1.621121E+00,1.619425E+00,1.630079E+00,1.632166E+00,1.621572E+00
0.4315,1.618261E+00,1.621785E+00,1.620149E+00,1.630664E+00,1.632829E+00,1.622260E+00
0.4325,1.618992E+00,1.622451E+00,1.620876E+00,1.631251E+00,1.633494E+00,1.622949E+00
0.4335,1.619725E+00,1.623119E+00,1.621605E+00,1.631841E+00,1.634162E+00,1.623641E+00
0.4345,1.620460E+00,1.623790E+00,1.622337E+00,1.632435E+00,1.634832E+00,1.624335E+00
0.4355,1.621197E+00,1.624463E+00,1.623070E+00,1.633031E+00,1.635504E+00,1.625031E+00
0.4365,1.621937E+00,1.625138E+00,1.623805E+00,1.633631E+00,1.636178E+00,1.625729E+00
0.4375,1.622679E+00,1.625816E+00,1.624543E+00,1.634233E+00,1.636855E+00,1.626430E+00
0.4385,1.623423E+00,1.626496E+00,1.625283E+00,1.634839E+00,1.637534E+00,1.627132E+00
0.4395,1.624169E+00,1.627179E+00,1.626025E+00,1.635447E+00,1.638216E+00,1.627837E+00
0.4405,1.624917E+00,1.627864E+00,1.626769E+00,1.636059E+00,1.638899E+00,1.628544E+00
0.4415,1.625668E+00,1.628551E+00,1.627516E+00,1.636674E+00,1.639585E+00,1.629253E+00
0.4425,1.626421E+00,1.629241E+00,1.628264E+00,1.637292E+00,1.640274E+00,1.629965E+00
0.4435,1.627176E+00,1.629933E+00,1.629015E+00,1.637913E+00,1.640964E+00,1.630679E+00
0.4445,1.627933E+00,1.630628E+00,1.629768E+00,1.638537E+00,1.641657E+00,1.631395E+00
0.4455,1.628693E+00,1.631325E+00,1.630523E+00,1.639164E+00,1.642353E+00,1.632113E+00
0.4465,1.629455E+00,1.632025E+00,1.631281E+00,1.639794E+00,1.643050E+00,1.632833E+00
0.4475,1.630219E+00,1.632727E+00,1.632040E+00,1.640428E+00,1.643751E+00,1.633556E+00
0.4485,1.630986E+00,1.633432E+00,1.632802E+00,1.641064E+00,1.644453E+00,1.634281E+00
0.4495,1.631754E+00,1.634139E+00,1.633566E+00,1.641704E+00,1.645158E+00,1.635008E+00
0.4505,1.632525E+00,1.634849E+00,1.634333E+00,1.642347E+00,1.645865E+00,1.635737E+00
0.4515,1.633298E+00,1.635561E+00,1.635101E+00,1.642993E+00,1.646575E+00,1.636469E+00
0.4525,1.634074E+00,1.636276E+00,1.635872E+00,1.643642E+00,1.647287E+00,1.637203E+00
0.4535,1.634852E+00,1.636993E+00,1.636645E+00,1.644294E+00,1.648002E+00,1.637939E+00
0.4545,1.635632E+00,1.637712E+00,1.637420E+00,1.644949E+00,1.648719E+00,1.638678E+00
0.4555,1.636414E+00,1.638435E+00,1.638198E+00,1.645608E+00,1.649438E+00,1.639419E+00
0.4565,1.637199E+00,1.639159E+00,1.638978E+00,1.646270E+00,1.650160E+00,1.640162E+00
0.4575,1.637986E+00,1.639887E+00,1.639760E+00,1.646935E+00,1.650885E+00,1.640907E+00
0.4585,1.638775E+00,1.640617E+00,1.640544E+00,1.647603E+00,1.651612E+00,1.641655E+00
0.4595,1.639567E+00,1.641349E+00,1.641331E+00,1.648274E+00,1.652341E+00,1.642405E+00
0.4605,1.640361E+00,1.642084E+00,1.642120E+00,1.648949E+00,1.653073E+00,1.643158E+00
0.4615,1.641157E+00,1.642821E+00,1.642911E+00,1.649627E+00,1.653807E+00,1.643912E+00
0.4625,1.641956E+00,1.643562E+00,1.643705E+00,1.650308E+00,1.654544E+00,1.644670E+00
0.4635,1.642756E+00,1.644304E+00,1.644501E+00,1.650992E+00,1.655284E+00,1.645429E+00
0.4645,1.643560E+00,1.645050E+00,1.645299E+00,1.651679E+00,1.656026E+00,1.646191E+00
0.4655,1.644365E+00,1.645798E+00,1.646099E+00,1.652370E+00,1.656770E+00,1.646955E+00
0.4665,1.645173E+00,1.646548E+00,1.646902E+00,1.653064E+00,1.657517E+00,1.647721E+00
0.4675,1.645984E+00,1.647301E+00,1.647707E+00,1.653761E+00,1.658267E+00,1.648490E+00
0.4685,1.646796E+00,1.648057E+00,1.648515E+00,1.654461E+00,1.659019E+00,1.649261E+00
0.4695,1.647611E+00,1.648815E+00,1.649325E+00,1.655165E+00,1.659773E+00,1.650035E+00
0.4705,1.648429E+00,1.649576E+00,1.650137E+00,1.655872E+00,1.660531E+00,1.650811E+00
0.4715,1.649248E+00,1.650340E+00,1.650952E+00,1.656582E+00,1.661290E+00,1.651589E+00
0.4725,1.650071E+00,1.651106E+00,1.651768E+00,1.657296E+00,1.662053E+00,1.652370E+00
0.4735,1.650895E+00,1.651875E+00,1.652588E+00,1.658012E+00,1.662818E+00,1.653153E+00
0.4745,1.651722E+00,1.652647E+00,1.653409E+00,1.658732E+00,1.663586E+00,1.653939E+00
0.4755,1.652551E+00,1.653422E+00,1.654233E+00,1.659456E+00,1.664356E+00,1.654727E+00
0.4765,1.653383E+00,1.654199E+00,1.655060E+00,1.660183E+00,1.665129E+00,1.655517E+00
0.4775,1.654217E+00,1.654978E+00,1.655889E+00,1.660913E+00,1.665904E+00,1.656310E+00
0.4785,1.655054E+00,1.655761E+00,1.656720E+00,1.661646E+00,1.666683E+00,1.657105E+00
0.4795,1.655893E+00,1.656546E+00,1.657553E+00,1.662383E+00,1.667463E+00,1.657903E+00
0.4805,1.656734E+00,1.657334E+00,1.658389E+00,1.663123E+00,1.668247E+00,1.658703E+00
0.4815,1.657578E+00,1.658124E+00,1.659228E+00,1.663866E+00,1.669033E+00,1.659506E+00
0.4825,1.658424E+00,1.658918E+00,1.660069E+00,1.664613E+00,1.669822E+00,1.660311E+00
0.4835,1.659273E+00,1.659714E+00,1.660912E+00,1.665363E+00,1.670614E+00,1.661118E+00
0.4845,1.660124E+00,1.660513E+00,1.661758E+00,1.666116E+00,1.671408E+00,1.661928E+00
0.4855,1.660977E+00,1.661314E+00,1.662606E+00,1.666873E+00,1.672205E+00,1.662741E+00
0.4865,1.661833E+00,1.662119E+00,1.663457E+00,1.667633E+00,1.673005E+00,1.663556E+00
0.4875,1.662692E+00,1.662926E+00,1.664310E+00,1.668397E+00,1.673807E+00,1.664373E+00
0.4885,1.663553E+00,1.663736E+00,1.665165E+00,1.669164E+00,1.674613E+00,1.665193E+00
0.4895,1.664416E+00,1.664549E+00,1.666023E+00,1.669934E+00,1.675421E+00,1.666016E+00
0.4905,1.665282E+00,1.665364E+00,1.666884E+00,1.670708E+00,1.676232E+00,1.666841E+00
0.4915,1.666150E+00,1.666182E+00,1.667747E+00,1.671485E+00,1.677045E+00,1.667668E+00
0.4925,1.667021E+00,1.667004E+00,1.668612E+00,1.672266E+00,1.677861E+00,1.668498E+00
0.4935,1.667894E+00,1.667828E+00,1.669480E+00,1.673050E+00,1.678680E+00,1.669331E+00
0.4945,1.668770E+00,1.668654E+00,1.670350E+00,1.673838E+00,1.679502E+00,1.670166E+00
0.4955,1.669648E+00,1.669484E+00,1.671223E+00,1.674629E+00,1.680327E+00,1.671004E+00
0.4965,1.670529E+00,1.670317E+00,1.672099E+00,1.675423E+00,1.681155E+00,1.671844E+00
0.4975,1.671412E+00,1.671152E+00,1.672977E+00,1.676221E+00,1.681985E+00,1.672687E+00
0.4985,1.672298E+00,1.671990E+00,1.673857E+00,1.677022E+00,1.682818E+00,1.673532E+00
0.4995,1.673187E+00,1.672831E+00,1.674740E+00,1.677827E+00,1.683654E+00,1.674380E+00
0.5005,1.674078E+00,1.673675E+00,1.675626E+00,1.678635E+00,1.684493E+00,1.675230E+00
0.5015,1.674971E+00,1.674522E+00,1.676514E+00,1.679447E+00,1.685335E+00,1.676083E+00
0.5025,1.675867E+00,1.675372E+00,1.677405E+00,1.680262E+00,1.686180E+00,1.676939E+00
0.5035,1.676765E+00,1.676225E+00,1.678298E+00,1.681081E+00,1.687027E+00,1.677797E+00
0.5045,1.677667E+00,1.677080E+00,1.679194E+00,1.681903E+00,1.687878E+00,1.678658E+00
0.5055,1.678570E+00,1.677939E+00,1.680093E+00,1.682729E+00,1.688731E+00,1.679522E+00
0.5065,1.679476E+00,1.678800E+00,1.680994E+00,1.683559E+00,1.689587E+00,1.680388E+00
0.5075,1.680385E+00,1.679665E+00,1.681897E+00,1.684391E+00,1.690447E+00,1.681257E+00
0.5085,1.681296E+00,1.680532E+00,1.682803E+00,1.685228E+00,1.691309E+00,1.682128E+00
0.5095,1.682210E+00,1.681403E+00,1.683712E+00,1.686068E+00,1.692174E+00,1.683002E+00
0.5105,1.683127E+00,1.682276E+00,1.684624E+00,1.686911E+00,1.693042E+00,1.683879E+00
0.5115,1.684046E+00,1.683152E+00,1.685538E+00,1.687758E+00,1.693913E+00,1.684758E+00
0.5125,1.684968E+00,1.684031E+00,1.686455E+00,1.688609E+00,1.694787E+00,1.685640E+00
0.5135,1.685892E+00,1.684914E+00,1.687374E+00,1.689463E+00,1.695664E+00,1.686525E+00
0.5145,1.686819E+00,1.685799E+00,1.688296E+00,1.690321E+00,1.696544E+00,1.687412E+00
0.5155,1.687748E+00,1.686687E+00,1.689221E+00,1.691182E+00,1.697427E+00,1.688302E+00
0.5165,1.688681E+00,1.687579E+00,1.690148E+00,1.692047E+00,1.698313E+00,1.689195E+00
0.5175,1.689615E+00,1.688473E+00,1.691078E+00,1.692916E+00,1.699202E+00,1.690090E+00
0.5185,1.690553E+00,1.689370E+00,1.692011E+00,1.693788E+00,1.700094E+00,1.690989E+00
0.5195,1.691493E+00,1.690271E+00,1.692946E+00,1.694664E+00,1.700989E+00,1.691890E+00
0.5205,1.692436E+00,1.691174E+00,1.693884E+00,1.695543E+00,1.701887E+00,1.692793E+00
0.5215,1.693381E+00,1.692081E+00,1.694825E+00,1.696427E+00,1.702788E+00,1.693699E+00
0.5225,1.694329E+00,1.692991E+00,1.695768E+00,1.697313E+00,1.703692E+00,1.694609E+00
0.5235,1.695280E+00,1.693903E+00,1.696715E+00,1.698204E+00,1.704600E+00,1.695520E+00
0.5245,1.696233E+00,1.694819E+00,1.697664E+00,1.699098E+00,1.705510E+00,1.696435E+00
0.5255,1.697189E+00,1.695738E+00,1.698615E+00,1.699995E+00,1.706424E+00,1.697352E+00
0.5265,1.698148E+00,1.696660E+00,1.699570E+00,1.700897E+00,1.707340E+00,1.698273E+00
0.5275,1.699110E+00,1.697586E+00,1.700527E+00,1.701802E+00,1.708260E+00,1.699195E+00
0.5285,1.700074E+00,1.698514E+00,1.701487E+00,1.702711E+00,1.709183E+00,1.700121E+00
0.5295,1.701041E+00,1.699445E+00,1.702450E+00,1.703623E+00,1.710109E+00,1.701050E+00
0.5305,1.702010E+00,1.700380E+00,1.703415E+00,1.704539E+00,1.711038E+00,1.701981E+00
0.5315,1.702983E+00,1.701318E+00,1.704383E+00,1.705459E+00,1.711971E+00,1.702915E+00
0.5325,1.703958E+00,1.702259E+00,1.705354E+00,1.706383E+00,1.712906E+00,1.703852E+00
0.5335,1.704936E+00,1.703203E+00,1.706328E+00,1.707310E+00,1.713845E+00,1.704792E+00
0.5345,1.705916E+00,1.704150E+00,1.707305E+00,1.708241E+00,1.714787E+00,1.705734E+00
0.5355,1.706899E+00,1.705101E+00,1.708284E+00,1.709176E+00,1.715732E+00,1.706680E+00
0.5365,1.707885E+00,1.706054E+00,1.709267E+00,1.710115E+00,1.716680E+00,1.707628E+00
0.5375,1.708874E+00,1.707011E+00,1.710252E+00,1.711057E+00,1.717632E+00,1.708579E+00
0.5385,1.709866E+00,1.707972E+00,1.711240E+00,1.712003E+00,1.718587E+00,1.709533E+00
0.5395,1.710860E+00,1.708935E+00,1.712231E+00,1.712953E+00,1.719545E+00,1.710490E+00
0.5405,1.711857E+00,1.709902E+00,1.713225E+00,1.713906E+00,1.720506E+00,1.711450E+00
0.5415,1.712857E+00,1.710872E+00,1.714221E+00,1.714864E+00,1.721471E+00,1.712413E+00
0.5425,1.713860E+00,1.711845E+00,1.715221E+00,1.715825E+00,1.722438E+00,1.713378E+00
0.5435,1.714866E+00,1.712821E+00,1.716223E+00,1.716790E+00,1.723410E+00,1.714347E+00
0.5445,1.715874E+00,1.713801E+00,1.717228E+00,1.717759E+00,1.724384E+00,1.715318E+00
0.5455,1.716885E+00,1.714784E+00,1.718237E+00,1.718731E+00,1.725362E+00,1.716293E+00
0.5465,1.717899E+00,1.715770E+00,1.719248E+00,1.719708E+00,1.726343E+00,1.717270E+00
0.5475,1.718916E+00,1.716760E+00,1.720262E+00,1.720688E+00,1.727327E+00,1.718250E+00
0.5485,1.719936E+00,1.717753E+00,1.721279E+00,1.721672E+00,1.728315E+00,1.719233E+00
0.5495,1.720958E+00,1.718749E+00,1.722299E+00,1.722660E+00,1.729306E+00,1.720219E+00
0.5505,1.721984E+00,1.719749E+00,1.723322E+00,1.723652E+00,1.730300E+00,1.721208E+00
0.5515,1.723012E+00,1.720752E+00,1.724347E+00,1.724648E+00,1.731298E+00,1.722201E+00
0.5525,1.724043E+00,1.721758E+00,1.725376E+00,1.725647E+00,1.732299E+00,1.723196E+00
0.5535,1.725077E+00,1.722768E+00,1.726408E+00,1.726651E+00,1.733304E+00,1.724194E+00
0.5545,1.726114E+00,1.723781E+00,1.727443E+00,1.727658E+00,1.734312E+00,1.725195E+00
0.5555,1.727154E+00,1.724798E+00,1.728481E+00,1.728669E+00,1.735323E+00,1.726199E+00
0.5565,1.728197E+00,1.725818E+00,1.729522E+00,1.729685E+00,1.736338E+00,1.727206E+00
0.5575,1.729242E+00,1.726841E+00,1.730565E+00,1.730704E+00,1.737356E+00,1.728216E+00
0.5585,1.730291E+00,1.727868E+00,1.731612E+00,1.731727E+00,1.738378E+00,1.729229E+00
0.5595,1.731342E+00,1.728898E+00,1.732662E+00,1.732754E+00,1.739403E+00,1.730245E+00
0.5605,1.732397E+00,1.729932E+00,1.733715E+00,1.733784E+00,1.740432E+00,1.731265E+00
0.5615,1.733454E+00,1.730969E+00,1.734771E+00,1.734819E+00,1.741464E+00,1.732287E+00
0.5625,1.734514E+00,1.732010E+00,1.735830E+00,1.735858E+00,1.742500E+00,1.733313E+00
0.5635,1.735578E+00,1.733054E+00,1.736893E+00,1.736901E+00,1.743539E+00,1.734341E+00
0.5645,1.736644E+00,1.734101E+00,1.737958E+00,1.737947E+00,1.744581E+00,1.735373E+00
0.5655,1.737713E+00,1.735152E+00,1.739026E+00,1.738998E+00,1.745627E+00,1.736407E+00
0.5665,1.738785E+00,1.736207E+00,1.740098E+00,1.740052E+00,1.746677E+00,1.737445E+00
0.5675,1.739860E+00,1.737265E+00,1.741172E+00,1.741111E+00,1.747730E+00,1.738486E+00
0.5685,1.740939E+00,1.738327E+00,1.742250E+00,1.742174E+00,1.748787E+00,1.739530E+00
0.5695,1.742020E+00,1.739392E+00,1.743331E+00,1.743240E+00,1.749847E+00,1.740577E+00
0.5705,1.743104E+00,1.740460E+00,1.744415E+00,1.744311E+00,1.750911E+00,1.741628E+00
0.5715,1.744191E+00,1.741533E+00,1.745502E+00,1.745385E+00,1.751978E+00,1.742681E+00
0.5725,1.745282E+00,1.742608E+00,1.746593E+00,1.746464E+00,1.753049E+00,1.743738E+00
0.5735,1.746375E+00,1.743688E+00,1.747686E+00,1.747547E+00,1.754124E+00,1.744798E+00
0.5745,1.747471E+00,1.744771E+00,1.748783E+00,1.748633E+00,1.755202E+00,1.745861E+00
0.5755,1.748571E+00,1.745857E+00,1.749883E+00,1.749724E+00,1.756284E+00,1.746927E+00
0.5765,1.749673E+00,1.746948E+00,1.750986E+00,1.750819E+00,1.757369E+00,1.747997E+00
0.5775,1.750779E+00,1.748041E+00,1.752093E+00,1.751918E+00,1.758459E+00,1.749069E+00
0.5785,1.751887E+00,1.749139E+00,1.753202E+00,1.753021E+00,1.759551E+00,1.750145E+00
0.5795,1.752999E+00,1.750240E+00,1.754315E+00,1.754128E+00,1.760648E+00,1.751224E+00
0.5805,1.754114E+00,1.751345E+00,1.755431E+00,1.755239E+00,1.761748E+00,1.752307E+00
0.5815,1.755232E+00,1.752453E+00,1.756551E+00,1.756354E+00,1.762852E+00,1.753393E+00
0.5825,1.756353E+00,1.753565E+00,1.757674E+00,1.757474E+00,1.763959E+00,1.754481E+00
0.5835,1.757477E+00,1.754681E+00,1.758800E+00,1.758597E+00,1.765070E+00,1.755574E+00
0.5845,1.758604E+00,1.755801E+00,1.759929E+00,1.759725E+00,1.766185E+00,1.756669E+00
0.5855,1.759735E+00,1.756924E+00,1.761061E+00,1.760856E+00,1.767304E+00,1.757768E+00
0.5865,1.760868E+00,1.758051E+00,1.762197E+00,1.761992E+00,1.768426E+00,1.758870E+00
0.5875,1.762005E+00,1.759181E+00,1.763337E+00,1.763132E+00,1.769553E+00,1.759975E+00
0.5885,1.763145E+00,1.760316E+00,1.764479E+00,1.764276E+00,1.770682E+00,1.761084E+00
0.5895,1.764288E+00,1.761454E+00,1.765625E+00,1.765425E+00,1.771816E+00,1.762196E+00
0.5905,1.765434E+00,1.762596E+00,1.766775E+00,1.766577E+00,1.772954E+00,1.763312E+00
0.5915,1.766584E+00,1.763741E+00,1.767927E+00,1.767734E+00,1.774095E+00,1.764431E+00
0.5925,1.767737E+00,1.764891E+00,1.769084E+00,1.768895E+00,1.775240E+00,1.765553E+00
0.5935,1.768892E+00,1.766044E+00,1.770243E+00,1.770060E+00,1.776389E+00,1.766678E+00
0.5945,1.770052E+00,1.767201E+00,1.771406E+00,1.771229E+00,1.777542E+00,1.767807E+00
0.5955,1.771214E+00,1.768362E+00,1.772572E+00,1.772402E+00,1.778698E+00,1.768940E+00
0.5965,1.772380E+00,1.769527E+00,1.773742E+00,1.773580E+00,1.779859E+00,1.770075E+00
0.5975,1.773549E+00,1.770695E+00,1.774916E+00,1.774762E+00,1.781023E+00,1.771214E+00
0.5985,1.774721E+00,1.771868E+00,1.776092E+00,1.775948E+00,1.782191E+00,1.772357E+00
0.5995,1.775896E+00,1.773044E+00,1.777273E+00,1.777138E+00,1.783363E+00,1.773503E+00
0.6005,1.777075E+00,1.774224E+00,1.778456E+00,1.778333E+00,1.784539E+00,1.774653E+00
0.6015,1.778257E+00,1.775408E+00,1.779643E+00,1.779531E+00,1.785719E+00,1.775806E+00
0.6025,1.779442E+00,1.776596E+00,1.780834E+00,1.780734E+00,1.786902E+00,1.776962E+00
0.6035,1.780631E+00,1.777788E+00,1.782028E+00,1.781942E+00,1.788090E+00,1.778122E+00
0.6045,1.781823E+00,1.778984E+00,1.783226E+00,1.783153E+00,1.789282E+00,1.779285E+00
0.6055,1.783018E+00,1.780183E+00,1.784427E+00,1.784369E+00,1.790477E+00,1.780452E+00
0.6065,1.784217E+00,1.781387E+00,1.785632E+00,1.785589E+00,1.791677E+00,1.781623E+00
0.6075,1.785419E+00,1.782594E+00,1.786841E+00,1.786814E+00,1.792880E+00,1.782797E+00
0.6085,1.786624E+00,1.783806E+00,1.788053E+00,1.788042E+00,1.794087E+00,1.783974E+00
0.6095,1.787833E+00,1.785022E+00,1.789268E+00,1.789276E+00,1.795299E+00,1.785156E+00
0.6105,1.789045E+00,1.786241E+00,1.790488E+00,1.790513E+00,1.796514E+00,1.786340E+00
0.6115,1.790260E+00,1.787465E+00,1.791711E+00,1.791755E+00,1.797734E+00,1.787529E+00
0.6125,1.791479E+00,1.788692E+00,1.792937E+00,1.793001E+00,1.798957E+00,1.788720E+00
0.6135,1.792702E+00,1.789924E+00,1.794167E+00,1.794251E+00,1.800185E+00,1.789916E+00
0.6145,1.793928E+00,1.791159E+00,1.795401E+00,1.795506E+00,1.801416E+00,1.791115E+00
0.6155,1.795157E+00,1.792399E+00,1.796638E+00,1.796765E+00,1.802652E+00,1.792318E+00
0.6165,1.796389E+00,1.793643E+00,1.797880E+00,1.798028E+00,1.803891E+00,1.793524E+00
0.6175,1.797625E+00,1.794890E+00,1.799124E+00,1.799296E+00,1.805135E+00,1.794734E+00
0.6185,1.798865E+00,1.796142E+00,1.800373E+00,1.800568E+00,1.806383E+00,1.795948E+00
0.6195,1.800108E+00,1.797398E+00,1.801625E+00,1.801845E+00,1.807635E+00,1.797165E+00
0.6205,1.801355E+00,1.798658E+00,1.802881E+00,1.803126E+00,1.808891E+00,1.798386E+00
0.6215,1.802605E+00,1.799922E+00,1.804141E+00,1.804411E+00,1.810151E+00,1.799611E+00
0.6225,1.803858E+00,1.801191E+00,1.805404E+00,1.805701E+00,1.811415E+00,1.800839E+00
0.6235,1.805115E+00,1.802463E+00,1.806672E+00,1.806995E+00,1.812683E+00,1.802071E+00
0.6245,1.806376E+00,1.803740E+00,1.807943E+00,1.808294E+00,1.813956E+00,1.803307E+00
0.6255,1.807640E+00,1.805020E+00,1.809218E+00,1.809597E+00,1.815232E+00,1.804547E+00
0.6265,1.808908E+00,1.806305E+00,1.810496E+00,1.810904E+00,1.816513E+00,1.805790E+00
0.6275,1.810179E+00,1.807594E+00,1.811779E+00,1.812216E+00,1.817798E+00,1.807037E+00
0.6285,1.811454E+00,1.808888E+00,1.813065E+00,1.813533E+00,1.819087E+00,1.808288E+00
0.6295,1.812733E+00,1.810185E+00,1.814355E+00,1.814854E+00,1.820381E+00,1.809543E+00
0.6305,1.814015E+00,1.811487E+00,1.815650E+00,1.816179E+00,1.821678E+00,1.810801E+00
0.6315,1.815300E+00,1.812793E+00,1.816947E+00,1.817509E+00,1.822980E+00,1.812064E+00
0.6325,1.816590E+00,1.814103E+00,1.818249E+00,1.818843E+00,1.824286E+00,1.813330E+00
0.6335,1.817883E+00,1.815418E+00,1.819555E+00,1.820182E+00,1.825597E+00,1.814600E+00
0.6345,1.819179E+00,1.816737E+00,1.820865E+00,1.821525E+00,1.826911E+00,1.815874E+00
0.6355,1.820480E+00,1.818060E+00,1.822178E+00,1.822873E+00,1.828230E+00,1.817152E+00
0.6365,1.821784E+00,1.819387E+00,1.823496E+00,1.824225E+00,1.829553E+00,1.818433E+00
0.6375,1.823091E+00,1.820719E+00,1.824817E+00,1.825582E+00,1.830880E+00,1.819719E+00
0.6385,1.824403E+00,1.822055E+00,1.826143E+00,1.826943E+00,1.832212E+00,1.821008E+00
0.6395,1.825718E+00,1.823395E+00,1.827472E+00,1.828309E+00,1.833548E+00,1.822302E+00
0.6405,1.827037E+00,1.824740E+00,1.828806E+00,1.829679E+00,1.834888E+00,1.823599E+00
0.6415,1.828359E+00,1.826089E+00,1.830143E+00,1.831054E+00,1.836233E+00,1.824900E+00
0.6425,1.829685E+00,1.827442E+00,1.831485E+00,1.832433E+00,1.837582E+00,1.826205E+00
0.6435,1.831015E+00,1.828800E+00,1.832831E+00,1.833817E+00,1.838935E+00,1.827515E+00
0.6445,1.832349E+00,1.830162E+00,1.834180E+00,1.835206E+00,1.840293E+00,1.828828E+00
0.6455,1.833687E+00,1.831529E+00,1.835534E+00,1.836599E+00,1.841655E+00,1.830145E+00
0.6465,1.835028E+00,1.832900E+00,1.836892E+00,1.837997E+00,1.843021E+00,1.831466E+00
0.6475,1.836373E+00,1.834275E+00,1.838254E+00,1.839399E+00,1.844392E+00,1.832792E+00
0.6485,1.837723E+00,1.835655E+00,1.839620E+00,1.840806E+00,1.845767E+00,1.834121E+00
0.6495,1.839075E+00,1.837040E+00,1.840990E+00,1.842217E+00,1.847147E+00,1.835454E+00
0.6505,1.840432E+00,1.838428E+00,1.842364E+00,1.843633E+00,1.848531E+00,1.836792E+00
0.6515,1.841793E+00,1.839822E+00,1.843743E+00,1.845054E+00,1.849919E+00,1.838133E+00
0.6525,1.843157E+00,1.841220E+00,1.845125E+00,1.846480E+00,1.851312E+00,1.839479E+00
0.6535,1.844526E+00,1.842622E+00,1.846512E+00,1.847909E+00,1.852709E+00,1.840829E+00
0.6545,1.845898E+00,1.844029E+00,1.847903E+00,1.849344E+00,1.854111E+00,1.842183E+00
0.6555,1.847274E+00,1.845440E+00,1.849298E+00,1.850783E+00,1.855517E+00,1.843541E+00
0.6565,1.848654E+00,1.846856E+00,1.850698E+00,1.852227E+00,1.856928E+00,1.844903E+00
0.6575,1.850038E+00,1.848276E+00,1.852102E+00,1.853676E+00,1.858343E+00,1.846270E+00
0.6585,1.851426E+00,1.849702E+00,1.853510E+00,1.855129E+00,1.859763E+00,1.847640E+00
0.6595,1.852818E+00,1.851131E+00,1.854922E+00,1.856587E+00,1.861187E+00,1.849015E+00
0.6605,1.854214E+00,1.852565E+00,1.856339E+00,1.858049E+00,1.862616E+00,1.850394E+00
0.6615,1.855614E+00,1.854004E+00,1.857759E+00,1.859516E+00,1.864049E+00,1.851777E+00
0.6625,1.857018E+00,1.855448E+00,1.859185E+00,1.860988E+00,1.865487E+00,1.853165E+00
0.6635,1.858427E+00,1.856896E+00,1.860614E+00,1.862465E+00,1.866929E+00,1.854556E+00
0.6645,1.859839E+00,1.858348E+00,1.862048E+00,1.863946E+00,1.868376E+00,1.855953E+00
0.6655,1.861255E+00,1.859806E+00,1.863486E+00,1.865432E+00,1.869828E+00,1.857353E+00
0.6665,1.862675E+00,1.861268E+00,1.864929E+00,1.866922E+00,1.871284E+00,1.858758E+00
0.6675,1.864099E+00,1.862735E+00,1.866376E+00,1.868418E+00,1.872744E+00,1.860167E+00
0.6685,1.865528E+00,1.864206E+00,1.867828E+00,1.869918E+00,1.874209E+00,1.861580E+00
0.6695,1.866960E+00,1.865682E+00,1.869283E+00,1.871423E+00,1.875679E+00,1.862998E+00
0.6705,1.868397E+00,1.867163E+00,1.870744E+00,1.872932E+00,1.877154E+00,1.864420E+00
0.6715,1.869838E+00,1.868649E+00,1.872209E+00,1.874446E+00,1.878633E+00,1.865846E+00
0.6725,1.871283E+00,1.870139E+00,1.873678E+00,1.875965E+00,1.880116E+00,1.867277E+00
0.6735,1.872732E+00,1.871634E+00,1.875152E+00,1.877489E+00,1.881604E+00,1.868712E+00
0.6745,1.874185E+00,1.873134E+00,1.876630E+00,1.879018E+00,1.883097E+00,1.870152E+00
0.6755,1.875643E+00,1.874639E+00,1.878113E+00,1.880551E+00,1.884595E+00,1.871596E+00
0.6765,1.877105E+00,1.876148E+00,1.879600E+00,1.882089E+00,1.886097E+00,1.873045E+00
0.6775,1.878571E+00,1.877663E+00,1.881092E+00,1.883632E+00,1.887604E+00,1.874498E+00
0.6785,1.880041E+00,1.879182E+00,1.882588E+00,1.885179E+00,1.889116E+00,1.875955E+00
0.6795,1.881516E+00,1.880706E+00,1.884089E+00,1.886732E+00,1.890632E+00,1.877418E+00
0.6805,1.882995E+00,1.882234E+00,1.885595E+00,1.888289E+00,1.892153E+00,1.878884E+00
0.6815,1.884478E+00,1.883768E+00,1.887105E+00,1.889851E+00,1.893679E+00,1.880355E+00
0.6825,1.885965E+00,1.885307E+00,1.888620E+00,1.891417E+00,1.895209E+00,1.881831E+00
0.6835,1.887457E+00,1.886850E+00,1.890140E+00,1.892989E+00,1.896745E+00,1.883312E+00
0.6845,1.888953E+00,1.888398E+00,1.891664E+00,1.894565E+00,1.898285E+00,1.884797E+00
0.6855,1.890454E+00,1.889952E+00,1.893193E+00,1.896146E+00,1.899829E+00,1.886286E+00
0.6865,1.891959E+00,1.891510E+00,1.894726E+00,1.897732E+00,1.901379E+00,1.887780E+00
0.6875,1.893468E+00,1.893073E+00,1.896265E+00,1.899323E+00,1.902933E+00,1.889279E+00
0.6885,1.894982E+00,1.894641E+00,1.897808E+00,1.900919E+00,1.904492E+00,1.890783E+00
0.6895,1.896500E+00,1.896214E+00,1.899355E+00,1.902519E+00,1.906056E+00,1.892291E+00
0.6905,1.898023E+00,1.897792E+00,1.900908E+00,1.904125E+00,1.907624E+00,1.893804E+00
0.6915,1.899550E+00,1.899375E+00,1.902465E+00,1.905735E+00,1.909198E+00,1.895322E+00
0.6925,1.901081E+00,1.900963E+00,1.904027E+00,1.907350E+00,1.910776E+00,1.896844E+00
0.6935,1.902618E+00,1.902556E+00,1.905594E+00,1.908970E+00,1.912359E+00,1.898371E+00
0.6945,1.904158E+00,1.904154E+00,1.907166E+00,1.910594E+00,1.913947E+00,1.899903E+00
0.6955,1.905703E+00,1.905757E+00,1.908742E+00,1.912224E+00,1.915539E+00,1.901440E+00
0.6965,1.907253E+00,1.907366E+00,1.910324E+00,1.913858E+00,1.917137E+00,1.902981E+00
0.6975,1.908807E+00,1.908979E+00,1.911910E+00,1.915498E+00,1.918739E+00,1.904528E+00
0.6985,1.910366E+00,1.910597E+00,1.913501E+00,1.917142E+00,1.920346E+00,1.906079E+00
0.6995,1.911930E+00,1.912220E+00,1.915097E+00,1.918791E+00,1.921958E+00,1.907635E+00
0.7005,1.913498E+00,1.913849E+00,1.916698E+00,1.920445E+00,1.923575E+00,1.909196E+00
0.7015,1.915071E+00,1.915483E+00,1.918304E+00,1.922104E+00,1.925197E+00,1.910762E+00
0.7025,1.916648E+00,1.917121E+00,1.919915E+00,1.923767E+00,1.926824E+00,1.912332E+00
0.7035,1.918231E+00,1.918765E+00,1.921531E+00,1.925436E+00,1.928455E+00,1.913908E+00
0.7045,1.919817E+00,1.920414E+00,1.923152E+00,1.927110E+00,1.930092E+00,1.915489E+00
0.7055,1.921409E+00,1.922069E+00,1.924778E+00,1.928788E+00,1.931733E+00,1.917075E+00
0.7065,1.923005E+00,1.923728E+00,1.926409E+00,1.930472E+00,1.933380E+00,1.918665E+00
0.7075,1.924607E+00,1.925393E+00,1.928045E+00,1.932160E+00,1.935031E+00,1.920261E+00
0.7085,1.926213E+00,1.927063E+00,1.929685E+00,1.933853E+00,1.936687E+00,1.921862E+00
0.7095,1.927823E+00,1.928738E+00,1.931332E+00,1.935551E+00,1.938348E+00,1.923467E+00
0.7105,1.929439E+00,1.930418E+00,1.932983E+00,1.937254E+00,1.940014E+00,1.925078E+00
0.7115,1.931059E+00,1.932103E+00,1.934639E+00,1.938962E+00,1.941686E+00,1.926694E+00
0.7125,1.932684E+00,1.933794E+00,1.936300E+00,1.940675E+00,1.943362E+00,1.928315E+00
0.7135,1.934315E+00,1.935490E+00,1.937967E+00,1.942393E+00,1.945043E+00,1.929941E+00
0.7145,1.935950E+00,1.937192E+00,1.939638E+00,1.944116E+00,1.946728E+00,1.931573E+00
0.7155,1.937590E+00,1.938898E+00,1.941315E+00,1.945844E+00,1.948419E+00,1.933209E+00
0.7165,1.939234E+00,1.940610E+00,1.942997E+00,1.947576E+00,1.950115E+00,1.934851E+00
0.7175,1.940884E+00,1.942328E+00,1.944684E+00,1.949314E+00,1.951816E+00,1.936498E+00
0.7185,1.942539E+00,1.944050E+00,1.946377E+00,1.951057E+00,1.953522E+00,1.938150E+00
0.7195,1.944199E+00,1.945778E+00,1.948074E+00,1.952804E+00,1.955233E+00,1.939807E+00
0.7205,1.945864E+00,1.947512E+00,1.949777E+00,1.954557E+00,1.956949E+00,1.941470E+00
0.7215,1.947534E+00,1.949251E+00,1.951486E+00,1.956314E+00,1.958670E+00,1.943138E+00
0.7225,1.949209E+00,1.950995E+00,1.953199E+00,1.958077E+00,1.960396E+00,1.944811E+00
0.7235,1.950889E+00,1.952744E+00,1.954918E+00,1.959844E+00,1.962127E+00,1.946490E+00
0.7245,1.952574E+00,1.954499E+00,1.956642E+00,1.961617E+00,1.963863E+00,1.948174E+00
0.7255,1.954265E+00,1.956260E+00,1.958371E+00,1.963394E+00,1.965605E+00,1.949864E+00
0.7265,1.955960E+00,1.958025E+00,1.960106E+00,1.965176E+00,1.967351E+00,1.951558E+00
0.7275,1.957661E+00,1.959797E+00,1.961846E+00,1.966964E+00,1.969102E+00,1.953259E+00
0.7285,1.959367E+00,1.961573E+00,1.963592E+00,1.968756E+00,1.970858E+00,1.954964E+00
0.7295,1.961078E+00,1.963356E+00,1.965343E+00,1.970553E+00,1.972620E+00,1.956675E+00
0.7305,1.962795E+00,1.965143E+00,1.967099E+00,1.972356E+00,1.974386E+00,1.958392E+00
0.7315,1.964516E+00,1.966936E+00,1.968861E+00,1.974163E+00,1.976158E+00,1.960114E+00
0.7325,1.966243E+00,1.968735E+00,1.970628E+00,1.975975E+00,1.977935E+00,1.961842E+00
0.7335,1.967976E+00,1.970539E+00,1.972401E+00,1.977793E+00,1.979716E+00,1.963575E+00
0.7345,1.969713E+00,1.972349E+00,1.974179E+00,1.979615E+00,1.981503E+00,1.965314E+00
0.7355,1.971456E+00,1.974165E+00,1.975963E+00,1.981442E+00,1.983295E+00,1.967059E+00
0.7365,1.973205E+00,1.975985E+00,1.977752E+00,1.983275E+00,1.985092E+00,1.968809E+00
0.7375,1.974959E+00,1.977812E+00,1.979547E+00,1.985112E+00,1.986894E+00,1.970565E+00
0.7385,1.976718E+00,1.979644E+00,1.981347E+00,1.986954E+00,1.988702E+00,1.972326E+00
0.7395,1.978483E+00,1.981482E+00,1.983153E+00,1.988802E+00,1.990514E+00,1.974093E+00
0.7405,1.980253E+00,1.983325E+00,1.984965E+00,1.990654E+00,1.992332E+00,1.975866E+00
0.7415,1.982029E+00,1.985174E+00,1.986782E+00,1.992511E+00,1.994154E+00,1.977645E+00
0.7425,1.983810E+00,1.987028E+00,1.988604E+00,1.994374E+00,1.995982E+00,1.979429E+00
0.7435,1.985597E+00,1.988889E+00,1.990433E+00,1.996241E+00,1.997815E+00,1.981219E+00
0.7445,1.987390E+00,1.990754E+00,1.992267E+00,1.998113E+00,1.999653E+00,1.983015E+00
0.7455,1.989188E+00,1.992626E+00,1.994106E+00,1.999991E+00,2.001497E+00,1.984817E+00
0.7465,1.990992E+00,1.994503E+00,1.995952E+00,2.001873E+00,2.003345E+00,1.986625E+00
0.7475,1.992801E+00,1.996386E+00,1.997803E+00,2.003761E+00,2.005199E+00,1.988439E+00
0.7485,1.994616E+00,1.998275E+00,1.999660E+00,2.005653E+00,2.007058E+00,1.990258E+00
0.7495,1.996437E+00,2.000169E+00,2.001522E+00,2.007550E+00,2.008922E+00,1.992084E+00
0.7505,1.998264E+00,2.002069E+00,2.003391E+00,2.009453E+00,2.010791E+00,1.993915E+00
0.7515,2.000096E+00,2.003975E+00,2.005265E+00,2.011360E+00,2.012665E+00,1.995753E+00
0.7525,2.001935E+00,2.005887E+00,2.007144E+00,2.013273E+00,2.014544E+00,1.997596E+00
0.7535,2.003779E+00,2.007804E+00,2.009030E+00,2.015191E+00,2.016429E+00,1.999446E+00
0.7545,2.005629E+00,2.009727E+00,2.010922E+00,2.017113E+00,2.018319E+00,2.001301E+00
0.7555,2.007484E+00,2.011656E+00,2.012819E+00,2.019041E+00,2.020214E+00,2.003163E+00
0.7565,2.009346E+00,2.013591E+00,2.014722E+00,2.020973E+00,2.022114E+00,2.005031E+00
0.7575,2.011214E+00,2.015531E+00,2.016631E+00,2.022911E+00,2.024020E+00,2.006905E+00
0.7585,2.013088E+00,2.017478E+00,2.018546E+00,2.024854E+00,2.025930E+00,2.008785E+00
0.7595,2.014967E+00,2.019430E+00,2.020467E+00,2.026801E+00,2.027846E+00,2.010672E+00
0.7605,2.016853E+00,2.021388E+00,2.022393E+00,2.028754E+00,2.029767E+00,2.012564E+00
0.7615,2.018745E+00,2.023352E+00,2.024326E+00,2.030712E+00,2.031694E+00,2.014463E+00
0.7625,2.020643E+00,2.025322E+00,2.026265E+00,2.032675E+00,2.033625E+00,2.016369E+00
0.7635,2.022547E+00,2.027297E+00,2.028209E+00,2.034642E+00,2.035562E+00,2.018280E+00
0.7645,2.024457E+00,2.029279E+00,2.030160E+00,2.036615E+00,2.037504E+00,2.020198E+00
0.7655,2.026374E+00,2.031266E+00,2.032116E+00,2.038593E+00,2.039451E+00,2.022122E+00
0.7665,2.028296E+00,2.033260E+00,2.034079E+00,2.040576E+00,2.041403E+00,2.024053E+00
0.7675,2.030225E+00,2.035259E+00,2.036048E+00,2.042564E+00,2.043361E+00,2.025990E+00
0.7685,2.032161E+00,2.037264E+00,2.038022E+00,2.044557E+00,2.045324E+00,2.027934E+00
0.7695,2.034102E+00,2.039275E+00,2.040003E+00,2.046555E+00,2.047292E+00,2.029884E+00
0.7705,2.036050E+00,2.041293E+00,2.041990E+00,2.048558E+00,2.049265E+00,2.031841E+00
0.7715,2.038004E+00,2.043316E+00,2.043983E+00,2.050566E+00,2.051243E+00,2.033804E+00
0.7725,2.039965E+00,2.045345E+00,2.045982E+00,2.052579E+00,2.053227E+00,2.035774E+00
0.7735,2.041932E+00,2.047380E+00,2.047987E+00,2.054597E+00,2.055216E+00,2.037750E+00
0.7745,2.043906E+00,2.049421E+00,2.049998E+00,2.056620E+00,2.057210E+00,2.039733E+00
0.7755,2.045886E+00,2.051468E+00,2.052015E+00,2.058648E+00,2.059210E+00,2.041723E+00
0.7765,2.047873E+00,2.053522E+00,2.054039E+00,2.060681E+00,2.061214E+00,2.043719E+00
0.7775,2.049866E+00,2.055581E+00,2.056069E+00,2.062719E+00,2.063224E+00,2.045722E+00
0.7785,2.051866E+00,2.057646E+00,2.058105E+00,2.064762E+00,2.065240E+00,2.047732E+00
0.7795,2.053873E+00,2.059717E+00,2.060147E+00,2.066810E+00,2.067260E+00,2.049749E+00
0.7805,2.055886E+00,2.061795E+00,2.062195E+00,2.068863E+00,2.069286E+00,2.051773E+00
0.7815,2.057906E+00,2.063878E+00,2.064250E+00,2.070921E+00,2.071317E+00,2.053803E+00
0.7825,2.059933E+00,2.065968E+00,2.066311E+00,2.072984E+00,2.073353E+00,2.055841E+00
0.7835,2.061966E+00,2.068064E+00,2.068378E+00,2.075053E+00,2.075394E+00,2.057885E+00
0.7845,2.064007E+00,2.070165E+00,2.070451E+00,2.077126E+00,2.077441E+00,2.059936E+00
0.7855,2.066054E+00,2.072273E+00,2.072531E+00,2.079204E+00,2.079493E+00,2.061995E+00
0.7865,2.068108E+00,2.074387E+00,2.074617E+00,2.081287E+00,2.081550E+00,2.064060E+00
0.7875,2.070169E+00,2.076507E+00,2.076710E+00,2.083375E+00,2.083613E+00,2.066132E+00
0.7885,2.072238E+00,2.078634E+00,2.078808E+00,2.085469E+00,2.085680E+00,2.068212E+00
0.7895,2.074313E+00,2.080766E+00,2.080914E+00,2.087567E+00,2.087753E+00,2.070298E+00
0.7905,2.076395E+00,2.082905E+00,2.083025E+00,2.089670E+00,2.089832E+00,2.072392E+00
0.7915,2.078485E+00,2.085050E+00,2.085143E+00,2.091778E+00,2.091915E+00,2.074493E+00
0.7925,2.080581E+00,2.087201E+00,2.087267E+00,2.093891E+00,2.094004E+00,2.076602E+00
0.7935,2.082685E+00,2.089358E+00,2.089398E+00,2.096009E+00,2.096098E+00,2.078717E+00
0.7945,2.084796E+00,2.091522E+00,2.091535E+00,2.098133E+00,2.098197E+00,2.080840E+00
0.7955,2.086914E+00,2.093691E+00,2.093679E+00,2.100261E+00,2.100302E+00,2.082970E+00
0.7965,2.089040E+00,2.095867E+00,2.095829E+00,2.102394E+00,2.102412E+00,2.085108E+00
0.7975,2.091173E+00,2.098049E+00,2.097986E+00,2.104532E+00,2.104527E+00,2.087253E+00
0.7985,2.093313E+00,2.100238E+00,2.100149E+00,2.106675E+00,2.106647E+00,2.089406E+00
0.7995,2.095461E+00,2.102433E+00,2.102319E+00,2.108823E+00,2.108773E+00,2.091566E+00
0.8005,2.097616E+00,2.104634E+00,2.104495E+00,2.110977E+00,2.110904E+00,2.093733E+00
0.8015,2.099779E+00,2.106841E+00,2.106677E+00,2.113135E+00,2.113040E+00,2.095909E+00
0.8025,2.101949E+00,2.109054E+00,2.108867E+00,2.115298E+00,2.115181E+00,2.098091E+00
0.8035,2.104127E+00,2.111274E+00,2.111063E+00,2.117466E+00,2.117328E+00,2.100282E+00
0.8045,2.106313E+00,2.113500E+00,2.113265E+00,2.119639E+00,2.119480E+00,2.102480E+00
0.8055,2.108506E+00,2.115733E+00,2.115474E+00,2.121817E+00,2.121637E+00,2.104686E+00
0.8065,2.110707E+00,2.117972E+00,2.117690E+00,2.124000E+00,2.123800E+00,2.106900E+00
0.8075,2.112916E+00,2.120217E+00,2.119912E+00,2.126188E+00,2.125968E+00,2.109121E+00
0.8085,2.115133E+00,2.122468E+00,2.122141E+00,2.128381E+00,2.128141E+00,2.111351E+00
0.8095,2.117358E+00,2.124726E+00,2.124376E+00,2.130579E+00,2.130319E+00,2.113588E+00
0.8105,2.119591E+00,2.126991E+00,2.126618E+00,2.132782E+00,2.132503E+00,2.115834E+00
0.8115,2.121831E+00,2.129261E+00,2.128867E+00,2.134990E+00,2.134692E+00,2.118087E+00
0.8125,2.124080E+00,2.131538E+00,2.131123E+00,2.137203E+00,2.136886E+00,2.120348E+00
0.8135,2.126337E+00,2.133822E+00,2.133385E+00,2.139421E+00,2.139086E+00,2.122618E+00
0.8145,2.128602E+00,2.136112E+00,2.135654E+00,2.141644E+00,2.141290E+00,2.124895E+00
0.8155,2.130875E+00,2.138408E+00,2.137930E+00,2.143872E+00,2.143501E+00,2.127181E+00
0.8165,2.133156E+00,2.140711E+00,2.140213E+00,2.146105E+00,2.145716E+00,2.129475E+00
0.8175,2.135446E+00,2.143020E+00,2.142502E+00,2.148343E+00,2.147937E+00,2.131777E+00
0.8185,2.137744E+00,2.145336E+00,2.144798E+00,2.150586E+00,2.150163E+00,2.134088E+00
0.8195,2.140051E+00,2.147658E+00,2.147101E+00,2.152834E+00,2.152394E+00,2.136407E+00
0.8205,2.142366E+00,2.149986E+00,2.149411E+00,2.155087E+00,2.154631E+00,2.138734E+00
0.8215,2.144689E+00,2.152321E+00,2.151727E+00,2.157345E+00,2.156873E+00,2.141070E+00
0.8225,2.147021E+00,2.154663E+00,2.154051E+00,2.159608E+00,2.159120E+00,2.143414E+00
0.8235,2.149362E+00,2.157011E+00,2.156381E+00,2.161876E+00,2.161373E+00,2.145767E+00
0.8245,2.151712E+00,2.159366E+00,2.158718E+00,2.164150E+00,2.163631E+00,2.148128E+00
0.8255,2.154070E+00,2.161727E+00,2.161062E+00,2.166428E+00,2.165894E+00,2.150498E+00
0.8265,2.156437E+00,2.164095E+00,2.163413E+00,2.168711E+00,2.168163E+00,2.152877E+00
0.8275,2.158813E+00,2.166469E+00,2.165771E+00,2.170999E+00,2.170437E+00,2.155265E+00
0.8285,2.161197E+00,2.168850E+00,2.168135E+00,2.173292E+00,2.172716E+00,2.157661E+00
0.8295,2.163591E+00,2.171238E+00,2.170507E+00,2.175591E+00,2.175001E+00,2.160066E+00
0.8305,2.165994E+00,2.173632E+00,2.172886E+00,2.177894E+00,2.177291E+00,2.162480E+00
0.8315,2.168406E+00,2.176032E+00,2.175271E+00,2.180202E+00,2.179587E+00,2.164904E+00
0.8325,2.170827E+00,2.178440E+00,2.177664E+00,2.182516E+00,2.181888E+00,2.167336E+00
0.8335,2.173257E+00,2.180854E+00,2.180064E+00,2.184835E+00,2.184194E+00,2.169777E+00
0.8345,2.175697E+00,2.183274E+00,2.182471E+00,2.187158E+00,2.186506E+00,2.172227E+00
0.8355,2.178146E+00,2.185702E+00,2.184884E+00,2.189487E+00,2.188823E+00,2.174687E+00
0.8365,2.180604E+00,2.188136E+00,2.187305E+00,2.191821E+00,2.191146E+00,2.177155E+00
0.8375,2.183072E+00,2.190577E+00,2.189733E+00,2.194160E+00,2.193474E+00,2.179634E+00
0.8385,2.185550E+00,2.193024E+00,2.192168E+00,2.196504E+00,2.195808E+00,2.182121E+00
0.8395,2.188037E+00,2.195478E+00,2.194610E+00,2.198854E+00,2.198147E+00,2.184618E+00
0.8405,2.190534E+00,2.197939E+00,2.197060E+00,2.201208E+00,2.200492E+00,2.187124E+00
0.8415,2.193040E+00,2.200407E+00,2.199516E+00,2.203568E+00,2.202842E+00,2.189640E+00
0.8425,2.195557E+00,2.202882E+00,2.201980E+00,2.205933E+00,2.205197E+00,2.192165E+00
0.8435,2.198083E+00,2.205363E+00,2.204451E+00,2.208304E+00,2.207558E+00,2.194700E+00
0.8445,2.200619E+00,2.207851E+00,2.206929E+00,2.210679E+00,2.209925E+00,2.197245E+00
0.8455,2.203166E+00,2.210346E+00,2.209414E+00,2.213060E+00,2.212298E+00,2.199800E+00
0.8465,2.205722E+00,2.212848E+00,2.211907E+00,2.215446E+00,2.214676E+00,2.202364E+00
0.8475,2.208289E+00,2.215357E+00,2.214407E+00,2.217837E+00,2.217059E+00,2.204939E+00
0.8485,2.210866E+00,2.217873E+00,2.216914E+00,2.220234E+00,2.219449E+00,2.207523E+00
0.8495,2.213454E+00,2.220396E+00,2.219429E+00,2.222636E+00,2.221844E+00,2.210118E+00
0.8505,2.216052E+00,2.222925E+00,2.221951E+00,2.225044E+00,2.224244E+00,2.212722E+00
0.8515,2.218660E+00,2.225462E+00,2.224480E+00,2.227457E+00,2.226651E+00,2.215337E+00
0.8525,2.221279E+00,2.228006E+00,2.227017E+00,2.229875E+00,2.229063E+00,2.217962E+00
0.8535,2.223909E+00,2.230556E+00,2.229561E+00,2.232299E+00,2.231481E+00,2.220597E+00
0.8545,2.226550E+00,2.233114E+00,2.232113E+00,2.234729E+00,2.233905E+00,2.223243E+00
0.8555,2.229201E+00,2.235679E+00,2.234673E+00,2.237164E+00,2.236335E+00,2.225899E+00
0.8565,2.231863E+00,2.238251E+00,2.237239E+00,2.239604E+00,2.238771E+00,2.228566E+00
0.8575,2.234537E+00,2.240831E+00,2.239814E+00,2.242051E+00,2.241212E+00,2.231243E+00
0.8585,2.237221E+00,2.243417E+00,2.242396E+00,2.244503E+00,2.243660E+00,2.233931E+00
0.8595,2.239917E+00,2.246011E+00,2.244986E+00,2.246961E+00,2.246114E+00,2.236630E+00
0.8605,2.242624E+00,2.248612E+00,2.247583E+00,2.249424E+00,2.248574E+00,2.239340E+00
0.8615,2.245342E+00,2.251220E+00,2.250188E+00,2.251893E+00,2.251039E+00,2.242060E+00
0.8625,2.248072E+00,2.253836E+00,2.252801E+00,2.254369E+00,2.253512E+00,2.244792E+00
0.8635,2.250814E+00,2.256459E+00,2.255422E+00,2.256850E+00,2.255990E+00,2.247535E+00
0.8645,2.253567E+00,2.259090E+00,2.258050E+00,2.259337E+00,2.258475E+00,2.250289E+00
0.8655,2.256332E+00,2.261728E+00,2.260687E+00,2.261830E+00,2.260966E+00,2.253054E+00
0.8665,2.259109E+00,2.264373E+00,2.263331E+00,2.264330E+00,2.263463E+00,2.255830E+00
0.8675,2.261898E+00,2.267026E+00,2.265983E+00,2.266835E+00,2.265967E+00,2.258618E+00
0.8685,2.264699E+00,2.269687E+00,2.268644E+00,2.269347E+00,2.268477E+00,2.261418E+00
0.8695,2.267512E+00,2.272356E+00,2.271312E+00,2.271865E+00,2.270994E+00,2.264229E+00
0.8705,2.270338E+00,2.275032E+00,2.273989E+00,2.274389E+00,2.273518E+00,2.267051E+00
0.8715,2.273176E+00,2.277716E+00,2.276674E+00,2.276920E+00,2.276049E+00,2.269886E+00
0.8725,2.276026E+00,2.280408E+00,2.279367E+00,2.279458E+00,2.278586E+00,2.272732E+00
0.8735,2.278889E+00,2.283108E+00,2.282068E+00,2.282002E+00,2.281130E+00,2.275591E+00
0.8745,2.281765E+00,2.285816E+00,2.284778E+00,2.284553E+00,2.283682E+00,2.278461E+00
0.8755,2.284654E+00,2.288532E+00,2.287497E+00,2.287110E+00,2.286240E+00,2.281344E+00
0.8765,2.287556E+00,2.291256E+00,2.290224E+00,2.289675E+00,2.288806E+00,2.284239E+00
0.8775,2.290470E+00,2.293988E+00,2.292959E+00,2.292247E+00,2.291378E+00,2.287146E+00
0.8785,2.293398E+00,2.296729E+00,2.295703E+00,2.294826E+00,2.293959E+00,2.290066E+00
0.8795,2.296340E+00,2.299478E+00,2.298456E+00,2.297412E+00,2.296547E+00,2.292998E+00
0.8805,2.299295E+00,2.302235E+00,2.301218E+00,2.300005E+00,2.299142E+00,2.295943E+00
0.8815,2.302263E+00,2.305001E+00,2.303989E+00,2.302606E+00,2.301745E+00,2.298901E+00
0.8825,2.305245E+00,2.307776E+00,2.306768E+00,2.305214E+00,2.304356E+00,2.301871E+00
0.8835,2.308241E+00,2.310559E+00,2.309557E+00,2.307831E+00,2.306975E+00,2.304855E+00
0.8845,2.311251E+00,2.313352E+00,2.312355E+00,2.310455E+00,2.309603E+00,2.307852E+00
0.8855,2.314276E+00,2.316153E+00,2.315163E+00,2.313087E+00,2.312238E+00,2.310862E+00
0.8865,2.317314E+00,2.318964E+00,2.317980E+00,2.315727E+00,2.314882E+00,2.313886E+00
0.8875,2.320367E+00,2.321783E+00,2.320806E+00,2.318376E+00,2.317535E+00,2.316922E+00
0.8885,2.323434E+00,2.324612E+00,2.323642E+00,2.321033E+00,2.320196E+00,2.319973E+00
0.8895,2.326517E+00,2.327451E+00,2.326488E+00,2.323699E+00,2.322866E+00,2.323037E+00
0.8905,2.329614E+00,2.330299E+00,2.329344E+00,2.326373E+00,2.325545E+00,2.326115E+00
0.8915,2.332726E+00,2.333157E+00,2.332210E+00,2.329057E+00,2.328234E+00,2.329207E+00
0.8925,2.335853E+00,2.336024E+00,2.335086E+00,2.331750E+00,2.330932E+00,2.332314E+00
0.8935,2.338995E+00,2.338902E+00,2.337973E+00,2.334453E+00,2.333640E+00,2.335434E+00
0.8945,2.342153E+00,2.341790E+00,2.340870E+00,2.337165E+00,2.336357E+00,2.338569E+00
0.8955,2.345327E+00,2.344688E+00,2.343777E+00,2.339887E+00,2.339085E+00,2.341718E+00
0.8965,2.348517E+00,2.347597E+00,2.346696E+00,2.342619E+00,2.341823E+00,2.344883E+00
0.8975,2.351722E+00,2.350517E+00,2.349625E+00,2.345361E+00,2.344571E+00,2.348061E+00
0.8985,2.354944E+00,2.353447E+00,2.352566E+00,2.348114E+00,2.347331E+00,2.351255E+00
0.8995,2.358182E+00,2.356389E+00,2.355519E+00,2.350878E+00,2.350101E+00,2.354464E+00
0.9005,2.361436E+00,2.359342E+00,2.358482E+00,2.353652E+00,2.352882E+00,2.357689E+00
0.9015,2.364708E+00,2.362307E+00,2.361458E+00,2.356439E+00,2.355676E+00,2.360928E+00
0.9025,2.367996E+00,2.365283E+00,2.364446E+00,2.359237E+00,2.358481E+00,2.364184E+00
0.9035,2.371301E+00,2.368271E+00,2.367446E+00,2.362046E+00,2.361298E+00,2.367455E+00
0.9045,2.374624E+00,2.371272E+00,2.370459E+00,2.364869E+00,2.364128E+00,2.370742E+00
0.9055,2.377964E+00,2.374285E+00,2.373484E+00,2.367704E+00,2.366970E+00,2.374045E+00
0.9065,2.381322E+00,2.377312E+00,2.376522E+00,2.370551E+00,2.369826E+00,2.377365E+00
0.9075,2.384697E+00,2.380351E+00,2.379574E+00,2.373412E+00,2.372695E+00,2.380701E+00
0.9085,2.388091E+00,2.383403E+00,2.382640E+00,2.376287E+00,2.375578E+00,2.384053E+00
0.9095,2.391504E+00,2.386470E+00,2.385719E+00,2.379176E+00,2.378475E+00,2.387423E+00
0.9105,2.394934E+00,2.389550E+00,2.388812E+00,2.382079E+00,2.381387E+00,2.390809E+00
0.9115,2.398384E+00,2.392645E+00,2.391920E+00,2.384998E+00,2.384314E+00,2.394213E+00
0.9125,2.401853E+00,2.395754E+00,2.395043E+00,2.387931E+00,2.387256E+00,2.397635E+00
0.9135,2.405341E+00,2.398879E+00,2.398182E+00,2.390880E+00,2.390214E+00,2.401074E+00
0.9145,2.408848E+00,2.402019E+00,2.401336E+00,2.393846E+00,2.393189E+00,2.404531E+00
0.9155,2.412376E+00,2.405175E+00,2.404505E+00,2.396828E+00,2.396180E+00,2.408006E+00
0.9165,2.415923E+00,2.408347E+00,2.407692E+00,2.399827E+00,2.399189E+00,2.411500E+00
0.9175,2.419491E+00,2.411536E+00,2.410895E+00,2.402845E+00,2.402216E+00,2.415012E+00
0.9185,2.423079E+00,2.414742E+00,2.414116E+00,2.405880E+00,2.405261E+00,2.418544E+00
0.9195,2.426688E+00,2.417966E+00,2.417354E+00,2.408934E+00,2.408324E+00,2.422094E+00
0.9205,2.430319E+00,2.421208E+00,2.420610E+00,2.412008E+00,2.411408E+00,2.425664E+00
0.9215,2.433971E+00,2.424468E+00,2.423886E+00,2.415102E+00,2.414511E+00,2.429254E+00
0.9225,2.437644E+00,2.427748E+00,2.427180E+00,2.418216E+00,2.417636E+00,2.432864E+00
0.9235,2.441340E+00,2.431048E+00,2.430495E+00,2.421352E+00,2.420782E+00,2.436494E+00
0.9245,2.445058E+00,2.434368E+00,2.433830E+00,2.424509E+00,2.423949E+00,2.440144E+00
0.9255,2.448799E+00,2.437709E+00,2.437186E+00,2.427690E+00,2.427140E+00,2.443816E+00
0.9265,2.452563E+00,2.441071E+00,2.440563E+00,2.430894E+00,2.430354E+00,2.447509E+00
0.9275,2.456350E+00,2.444456E+00,2.443963E+00,2.434122E+00,2.433592E+00,2.451224E+00
0.9285,2.460161E+00,2.447864E+00,2.447386E+00,2.437375E+00,2.436856E+00,2.454961E+00
0.9295,2.463996E+00,2.451295E+00,2.450832E+00,2.440654E+00,2.440145E+00,2.458720E+00
0.9305,2.467856E+00,2.454751E+00,2.454303E+00,2.443959E+00,2.443461E+00,2.462502E+00
0.9315,2.471741E+00,2.458232E+00,2.457799E+00,2.447293E+00,2.446805E+00,2.466307E+00
0.9325,2.475650E+00,2.461740E+00,2.461321E+00,2.450654E+00,2.450177E+00,2.470136E+00
0.9335,2.479586E+00,2.465274E+00,2.464870E+00,2.454045E+00,2.453578E+00,2.473989E+00
0.9345,2.483548E+00,2.468836E+00,2.468447E+00,2.457467E+00,2.457011E+00,2.477867E+00
0.9355,2.487536E+00,2.472426E+00,2.472052E+00,2.460920E+00,2.460474E+00,2.481769E+00
0.9365,2.491551E+00,2.476046E+00,2.475687E+00,2.464405E+00,2.463970E+00,2.485698E+00
0.9375,2.495594E+00,2.479697E+00,2.479352E+00,2.467924E+00,2.467500E+00,2.489652E+00
0.9385,2.499664E+00,2.483380E+00,2.483049E+00,2.471478E+00,2.471064E+00,2.493633E+00
0.9395,2.503763E+00,2.487095E+00,2.486779E+00,2.475068E+00,2.474664E+00,2.497642E+00
0.9405,2.507892E+00,2.490844E+00,2.490543E+00,2.478695E+00,2.478302E+00,2.501678E+00
0.9415,2.512049E+00,2.494629E+00,2.494341E+00,2.482361E+00,2.481978E+00,2.505743E+00
0.9425,2.516237E+00,2.498449E+00,2.498176E+00,2.486066E+00,2.485694E+00,2.509837E+00
0.9435,2.520455E+00,2.502308E+00,2.502048E+00,2.489812E+00,2.489451E+00,2.513962E+00
0.9445,2.524704E+00,2.506205E+00,2.505958E+00,2.493602E+00,2.493250E+00,2.518117E+00
0.9455,2.528986E+00,2.510143E+00,2.509909E+00,2.497435E+00,2.497094E+00,2.522303E+00
0.9465,2.533299E+00,2.514122E+00,2.513902E+00,2.501314E+00,2.500983E+00,2.526523E+00
0.9475,2.537646E+00,2.518145E+00,2.517938E+00,2.505240E+00,2.504919E+00,2.530775E+00
0.9485,2.542027E+00,2.522213E+00,2.522018E+00,2.509215E+00,2.508904E+00,2.535062E+00
0.9495,2.546442E+00,2.526327E+00,2.526145E+00,2.513241E+00,2.512940E+00,2.539384E+00
0.9505,2.550892E+00,2.530490E+00,2.530319E+00,2.517319E+00,2.517028E+00,2.543742E+00
0.9515,2.555378E+00,2.534702E+00,2.534543E+00,2.521451E+00,2.521170E+00,2.548138E+00
0.9525,2.559901E+00,2.538966E+00,2.538819E+00,2.525640E+00,2.525369E+00,2.552573E+00
0.9535,2.564462E+00,2.543284E+00,2.543148E+00,2.529886E+00,2.529625E+00,2.557048E+00
0.9545,2.569062E+00,2.547658E+00,2.547533E+00,2.534193E+00,2.533941E+00,2.561564E+00
0.9555,2.573700E+00,2.552090E+00,2.551975E+00,2.538562E+00,2.538320E+00,2.566122E+00
0.9565,2.578379E+00,2.556581E+00,2.556477E+00,2.542996E+00,2.542763E+00,2.570725E+00
0.9575,2.583100E+00,2.561135E+00,2.561041E+00,2.547496E+00,2.547272E+00,2.575374E+00
0.9585,2.587863E+00,2.565754E+00,2.565669E+00,2.552066E+00,2.551851E+00,2.580070E+00
0.9595,2.592669E+00,2.570439E+00,2.570364E+00,2.556707E+00,2.556501E+00,2.584816E+00
0.9605,2.597520E+00,2.575194E+00,2.575128E+00,2.561423E+00,2.561225E+00,2.589612E+00
0.9615,2.602417E+00,2.580022E+00,2.579964E+00,2.566215E+00,2.566026E+00,2.594462E+00
0.9625,2.607361E+00,2.584924E+00,2.584874E+00,2.571087E+00,2.570906E+00,2.599368E+00
0.9635,2.612354E+00,2.589904E+00,2.589862E+00,2.576041E+00,2.575869E+00,2.604331E+00
0.9645,2.617396E+00,2.594965E+00,2.594930E+00,2.581081E+00,2.580917E+00,2.609355E+00
0.9655,2.622490E+00,2.600110E+00,2.600082E+00,2.586209E+00,2.586053E+00,2.614441E+00
0.9665,2.627637E+00,2.605342E+00,2.605321E+00,2.591429E+00,2.591280E+00,2.619594E+00
0.9675,2.632839E+00,2.610665E+00,2.610650E+00,2.596743E+00,2.596602E+00,2.624815E+00
0.9685,2.638097E+00,2.616081E+00,2.616072E+00,2.602156E+00,2.602022E+00,2.630107E+00
0.9695,2.643414E+00,2.621596E+00,2.621591E+00,2.607670E+00,2.607543E+00,2.635476E+00
0.9705,2.648790E+00,2.627211E+00,2.627212E+00,2.613290E+00,2.613170E+00,2.640923E+00
0.9715,2.654230E+00,2.632933E+00,2.632937E+00,2.619018E+00,2.618906E+00,2.646452E+00
0.9725,2.659734E+00,2.638763E+00,2.638772E+00,2.624860E+00,2.624754E+00,2.652069E+00
0.9735,2.665306E+00,2.644707E+00,2.644719E+00,2.630819E+00,2.630719E+00,2.657777E+00
0.9745,2.670948E+00,2.650769E+00,2.650785E+00,2.636899E+00,2.636806E+00,2.663581E+00
0.9755,2.676663E+00,2.656954E+00,2.656972E+00,2.643105E+00,2.643017E+00,2.669487E+00
0.9765,2.682454E+00,2.663267E+00,2.663287E+00,2.649441E+00,2.649359E+00,2.675498E+00
0.9775,2.688324E+00,2.669712E+00,2.669734E+00,2.655911E+00,2.655835E+00,2.681622E+00
0.9785,2.694278E+00,2.676294E+00,2.676318E+00,2.662521E+00,2.662450E+00,2.687865E+00
0.9795,2.700319E+00,2.683020E+00,2.683044E+00,2.669276E+00,2.669210E+00,2.694233E+00
0.9805,2.706451E+00,2.689894E+00,2.689919E+00,2.676180E+00,2.676119E+00,2.700732E+00
0.9815,2.712681E+00,2.696922E+00,2.696948E+00,2.683239E+00,2.683183E+00,2.707372E+00
0.9825,2.719012E+00,2.704111E+00,2.704137E+00,2.690459E+00,2.690407E+00,2.714159E+00
0.9835,2.725452E+00,2.711467E+00,2.711492E+00,2.697845E+00,2.697797E+00,2.721102E+00
0.9845,2.732007E+00,2.718996E+00,2.719020E+00,2.705404E+00,2.705360E+00,2.728212E+00
0.9855,2.738684E+00,2.726704E+00,2.726728E+00,2.713140E+00,2.713100E+00,2.735496E+00
0.9865,2.745494E+00,2.734600E+00,2.734622E+00,2.721062E+00,2.721025E+00,2.742967E+00
0.9875,2.752444E+00,2.742691E+00,2.742711E+00,2.729175E+00,2.729141E+00,2.750635E+00
0.9885,2.759549E+00,2.750983E+00,2.751002E+00,2.737486E+00,2.737455E+00,2.758513E+00
0.9895,2.766820E+00,2.759486E+00,2.759502E+00,2.746002E+00,2.745975E+00,2.766614E+00
0.9905,2.774276E+00,2.768206E+00,2.768220E+00,2.754731E+00,2.754706E+00,2.774951E+00
0.9915,2.781934E+00,2.777154E+00,2.777165E+00,2.763680E+00,2.763658E+00,2.783539E+00
0.9925,2.789822E+00,2.786337E+00,2.786346E+00,2.772857E+00,2.772837E+00,2.792395E+00
0.9935,2.797969E+00,2.795765E+00,2.795771E+00,2.782270E+00,2.782252E+00,2.801536E+00
0.9945,2.806417E+00,2.805447E+00,2.805451E+00,2.791927E+00,2.791911E+00,2.810979E+00
0.9955,2.815223E+00,2.815394E+00,2.815395E+00,2.801838E+00,2.801823E+00,2.820745E+00
0.9965,2.824468E+00,2.825616E+00,2.825614E+00,2.812011E+00,2.811998E+00,2.830854E+00
0.9975,2.834283E+00,2.836124E+00,2.836119E+00,2.822455E+00,2.822443E+00,2.841329E+00
0.9985,2.844912E+00,2.846928E+00,2.846921E+00,2.833181E+00,2.833170E+00,2.852194E+00
0.9995,2.856985E+00,2.858041E+00,2.858032E+00,2.844197E+00,2.844188E+00,2.863476E+00
