R,LDG,LDGQ,LDP,LDPQ,WD
0.0005,9.31E-04,1.27E-04,2.02E-02,1.80E-04,1.43E-04
0.0015,1.01E-03,6.81E-05,2.39E-02,2.00E-04,1.26E-04
0.0025,9.31E-04,4.62E-05,2.25E-02,2.62E-04,1.47E-04
0.0035,9.40E-04,3.49E-05,2.27E-02,3.47E-04,1.86E-04
0.0045,9.17E-04,2.71E-05,2.21E-02,4.31E-04,2.25E-04
0.0055,9.21E-04,2.29E-05,2.20E-02,5.19E-04,2.68E-04
0.0065,9.10E-04,1.95E-05,2.16E-02,6.06E-04,3.10E-04
0.0075,9.12E-04,1.71E-05,2.15E-02,6.94E-04,3.53E-04
0.0085,9.05E-04,1.47E-05,2.11E-02,7.80E-04,3.95E-04
0.0095,9.06E-04,1.32E-05,2.10E-02,8.67E-04,4.37E-04
0.0105,9.01E-04,1.19E-05,2.07E-02,9.52E-04,4.77E-04
0.0115,9.02E-04,1.09E-05,2.05E-02,1.04E-03,5.18E-04
0.0125,8.98E-04,9.97E-06,2.03E-02,1.12E-03,5.58E-04
0.0135,8.99E-04,9.33E-06,2.01E-02,1.21E-03,5.98E-04
0.0145,8.95E-04,8.62E-06,1.99E-02,1.29E-03,6.37E-04
0.0155,8.96E-04,8.17E-06,1.97E-02,1.37E-03,6.76E-04
0.0165,8.93E-04,7.62E-06,1.95E-02,1.45E-03,7.14E-04
0.0175,8.93E-04,7.31E-06,1.93E-02,1.53E-03,7.51E-04
0.0185,8.90E-04,6.87E-06,1.91E-02,1.61E-03,7.88E-04
0.0195,8.90E-04,6.65E-06,1.90E-02,1.69E-03,8.24E-04
0.0205,8.87E-04,6.30E-06,1.87E-02,1.76E-03,8.60E-04
0.0215,8.87E-04,6.15E-06,1.86E-02,1.84E-03,8.95E-04
0.0225,8.84E-04,5.87E-06,1.84E-02,1.91E-03,9.30E-04
0.0235,8.83E-04,5.76E-06,1.82E-02,1.99E-03,9.64E-04
0.0245,8.81E-04,5.54E-06,1.81E-02,2.06E-03,9.97E-04
0.0255,8.80E-04,5.46E-06,1.79E-02,2.13E-03,1.03E-03
0.0265,8.77E-04,5.29E-06,1.77E-02,2.20E-03,1.06E-03
0.0275,8.76E-04,5.23E-06,1.75E-02,2.27E-03,1.09E-03
0.0285,8.74E-04,5.11E-06,1.74E-02,2.34E-03,1.13E-03
0.0295,8.72E-04,5.08E-06,1.72E-02,2.41E-03,1.16E-03
0.0305,8.70E-04,5.00E-06,1.71E-02,2.47E-03,1.19E-03
0.0315,8.68E-04,4.98E-06,1.69E-02,2.54E-03,1.22E-03
0.0325,8.66E-04,4.94E-06,1.67E-02,2.60E-03,1.25E-03
0.0335,8.64E-04,4.94E-06,1.66E-02,2.66E-03,1.28E-03
0.0345,8.62E-04,4.92E-06,1.64E-02,2.73E-03,1.30E-03
0.0355,8.60E-04,4.94E-06,1.63E-02,2.79E-03,1.33E-03
0.0365,8.57E-04,4.95E-06,1.61E-02,2.84E-03,1.36E-03
0.0375,8.55E-04,4.99E-06,1.60E-02,2.90E-03,1.39E-03
0.0385,8.53E-04,5.02E-06,1.58E-02,2.96E-03,1.41E-03
0.0395,8.50E-04,5.08E-06,1.57E-02,3.02E-03,1.44E-03
0.0405,8.48E-04,5.13E-06,1.55E-02,3.07E-03,1.46E-03
0.0415,8.45E-04,5.20E-06,1.54E-02,3.12E-03,1.49E-03
0.0425,8.43E-04,5.27E-06,1.52E-02,3.18E-03,1.51E-03
0.0435,8.40E-04,5.35E-06,1.51E-02,3.23E-03,1.54E-03
0.0445,8.38E-04,5.44E-06,1.50E-02,3.28E-03,1.56E-03
0.0455,8.35E-04,5.54E-06,1.48E-02,3.33E-03,1.58E-03
0.0465,8.32E-04,5.64E-06,1.47E-02,3.37E-03,1.61E-03
0.0475,8.29E-04,5.75E-06,1.46E-02,3.42E-03,1.63E-03
0.0485,8.27E-04,5.87E-06,1.44E-02,3.47E-03,1.65E-03
0.0495,8.24E-04,5.99E-06,1.43E-02,3.51E-03,1.67E-03
0.0505,8.21E-04,6.12E-06,1.42E-02,3.56E-03,1.69E-03
0.0515,8.18E-04,6.25E-06,1.40E-02,3.60E-03,1.71E-03
0.0525,8.15E-04,6.39E-06,1.39E-02,3.64E-03,1.73E-03
0.0535,8.12E-04,6.53E-06,1.38E-02,3.68E-03,1.75E-03
0.0545,8.09E-04,6.68E-06,1.37E-02,3.72E-03,1.77E-03
0.0555,8.06E-04,6.84E-06,1.35E-02,3.76E-03,1.79E-03
0.0565,8.02E-04,7.00E-06,1.34E-02,3.80E-03,1.81E-03
0.0575,7.99E-04,7.16E-06,1.33E-02,3.83E-03,1.82E-03
0.0585,7.96E-04,7.33E-06,1.32E-02,3.87E-03,1.84E-03
0.0595,7.93E-04,7.50E-06,1.30E-02,3.90E-03,1.86E-03
0.0605,7.90E-04,7.68E-06,1.29E-02,3.94E-03,1.88E-03
0.0615,7.86E-04,7.86E-06,1.28E-02,3.97E-03,1.89E-03
0.0625,7.83E-04,8.05E-06,1.27E-02,4.00E-03,1.91E-03
0.0635,7.79E-04,8.24E-06,1.26E-02,4.03E-03,1.92E-03
0.0645,7.76E-04,8.43E-06,1.25E-02,4.06E-03,1.94E-03
0.0655,7.73E-04,8.63E-06,1.24E-02,4.09E-03,1.95E-03
0.0665,7.69E-04,8.83E-06,1.22E-02,4.12E-03,1.97E-03
0.0675,7.65E-04,9.04E-06,1.21E-02,4.14E-03,1.98E-03
0.0685,7.62E-04,9.24E-06,1.20E-02,4.17E-03,1.99E-03
0.0695,7.58E-04,9.46E-06,1.19E-02,4.19E-03,2.01E-03
0.0705,7.55E-04,9.67E-06,1.18E-02,4.22E-03,2.02E-03
0.0715,7.51E-04,9.89E-06,1.17E-02,4.24E-03,2.03E-03
0.0725,7.47E-04,1.01E-05,1.16E-02,4.26E-03,2.04E-03
0.0735,7.44E-04,1.03E-05,1.15E-02,4.29E-03,2.05E-03
0.0745,7.40E-04,1.06E-05,1.14E-02,4.31E-03,2.07E-03
0.0755,7.36E-04,1.08E-05,1.13E-02,4.33E-03,2.08E-03
0.0765,7.32E-04,1.10E-05,1.12E-02,4.35E-03,2.09E-03
0.0775,7.29E-04,1.13E-05,1.11E-02,4.36E-03,2.10E-03
0.0785,7.25E-04,1.15E-05,1.10E-02,4.38E-03,2.11E-03
0.0795,7.21E-04,1.18E-05,1.09E-02,4.40E-03,2.12E-03
0.0805,7.17E-04,1.20E-05,1.08E-02,4.41E-03,2.13E-03
0.0815,7.13E-04,1.23E-05,1.07E-02,4.43E-03,2.13E-03
0.0825,7.09E-04,1.25E-05,1.06E-02,4.44E-03,2.14E-03
0.0835,7.05E-04,1.28E-05,1.05E-02,4.46E-03,2.15E-03
0.0845,7.01E-04,1.30E-05,1.04E-02,4.47E-03,2.16E-03
0.0855,6.97E-04,1.33E-05,1.03E-02,4.48E-03,2.17E-03
0.0865,6.93E-04,1.35E-05,1.02E-02,4.49E-03,2.17E-03
0.0875,6.89E-04,1.38E-05,1.02E-02,4.50E-03,2.18E-03
0.0885,6.85E-04,1.41E-05,1.01E-02,4.51E-03,2.19E-03
0.0895,6.81E-04,1.44E-05,9.98E-03,4.52E-03,2.19E-03
0.0905,6.77E-04,1.46E-05,9.89E-03,4.53E-03,2.20E-03
0.0915,6.73E-04,1.49E-05,9.81E-03,4.54E-03,2.21E-03
0.0925,6.69E-04,1.52E-05,9.72E-03,4.55E-03,2.21E-03
0.0935,6.65E-04,1.55E-05,9.64E-03,4.55E-03,2.22E-03
0.0945,6.61E-04,1.57E-05,9.55E-03,4.56E-03,2.22E-03
0.0955,6.57E-04,1.60E-05,9.47E-03,4.56E-03,2.23E-03
0.0965,6.53E-04,1.63E-05,9.39E-03,4.57E-03,2.23E-03
0.0975,6.49E-04,1.66E-05,9.31E-03,4.57E-03,2.23E-03
0.0985,6.44E-04,1.69E-05,9.23E-03,4.57E-03,2.24E-03
0.0995,6.40E-04,1.72E-05,9.15E-03,4.58E-03,2.24E-03
0.1005,6.36E-04,1.75E-05,9.07E-03,4.58E-03,2.24E-03
0.1015,6.32E-04,1.78E-05,8.99E-03,4.58E-03,2.25E-03
0.1025,6.28E-04,1.81E-05,8.91E-03,4.58E-03,2.25E-03
0.1035,6.24E-04,1.84E-05,8.84E-03,4.58E-03,2.25E-03
0.1045,6.19E-04,1.87E-05,8.76E-03,4.58E-03,2.25E-03
0.1055,6.15E-04,1.90E-05,8.69E-03,4.58E-03,2.26E-03
0.1065,6.11E-04,1.93E-05,8.61E-03,4.58E-03,2.26E-03
0.1075,6.07E-04,1.97E-05,8.54E-03,4.58E-03,2.26E-03
0.1085,6.03E-04,2.00E-05,8.47E-03,4.58E-03,2.26E-03
0.1095,5.99E-04,2.03E-05,8.40E-03,4.57E-03,2.26E-03
0.1105,5.94E-04,2.06E-05,8.32E-03,4.57E-03,2.26E-03
0.1115,5.90E-04,2.09E-05,8.25E-03,4.57E-03,2.26E-03
0.1125,5.86E-04,2.13E-05,8.19E-03,4.56E-03,2.26E-03
0.1135,5.82E-04,2.16E-05,8.12E-03,4.56E-03,2.26E-03
0.1145,5.78E-04,2.19E-05,8.05E-03,4.55E-03,2.26E-03
0.1155,5.74E-04,2.23E-05,7.98E-03,4.55E-03,2.26E-03
0.1165,5.69E-04,2.26E-05,7.92E-03,4.54E-03,2.26E-03
0.1175,5.65E-04,2.29E-05,7.85E-03,4.54E-03,2.26E-03
0.1185,5.61E-04,2.33E-05,7.79E-03,4.53E-03,2.26E-03
0.1195,5.57E-04,2.36E-05,7.72E-03,4.52E-03,2.26E-03
0.1205,5.53E-04,2.39E-05,7.66E-03,4.52E-03,2.26E-03
0.1215,5.49E-04,2.43E-05,7.59E-03,4.51E-03,2.25E-03
0.1225,5.45E-04,2.46E-05,7.53E-03,4.50E-03,2.25E-03
0.1235,5.41E-04,2.50E-05,7.47E-03,4.49E-03,2.25E-03
0.1245,5.36E-04,2.53E-05,7.41E-03,4.48E-03,2.25E-03
0.1255,5.32E-04,2.57E-05,7.35E-03,4.47E-03,2.24E-03
0.1265,5.28E-04,2.60E-05,7.29E-03,4.46E-03,2.24E-03
0.1275,5.24E-04,2.64E-05,7.23E-03,4.45E-03,2.24E-03
0.1285,5.20E-04,2.68E-05,7.17E-03,4.44E-03,2.24E-03
0.1295,5.16E-04,2.71E-05,7.12E-03,4.43E-03,2.23E-03
0.1305,5.12E-04,2.75E-05,7.06E-03,4.42E-03,2.23E-03
0.1315,5.08E-04,2.78E-05,7.00E-03,4.41E-03,2.23E-03
0.1325,5.04E-04,2.82E-05,6.95E-03,4.40E-03,2.22E-03
0.1335,5.00E-04,2.86E-05,6.89E-03,4.39E-03,2.22E-03
0.1345,4.96E-04,2.90E-05,6.84E-03,4.37E-03,2.21E-03
0.1355,4.93E-04,2.93E-05,6.78E-03,4.36E-03,2.21E-03
0.1365,4.89E-04,2.97E-05,6.73E-03,4.35E-03,2.20E-03
0.1375,4.85E-04,3.01E-05,6.68E-03,4.34E-03,2.20E-03
0.1385,4.81E-04,3.05E-05,6.63E-03,4.32E-03,2.19E-03
0.1395,4.77E-04,3.08E-05,6.58E-03,4.31E-03,2.19E-03
0.1405,4.73E-04,3.12E-05,6.53E-03,4.30E-03,2.18E-03
0.1415,4.70E-04,3.16E-05,6.48E-03,4.28E-03,2.18E-03
0.1425,4.66E-04,3.20E-05,6.43E-03,4.27E-03,2.17E-03
0.1435,4.62E-04,3.24E-05,6.38E-03,4.25E-03,2.17E-03
0.1445,4.58E-04,3.28E-05,6.33E-03,4.24E-03,2.16E-03
0.1455,4.55E-04,3.32E-05,6.28E-03,4.23E-03,2.16E-03
0.1465,4.51E-04,3.36E-05,6.23E-03,4.21E-03,2.15E-03
0.1475,4.47E-04,3.40E-05,6.19E-03,4.20E-03,2.14E-03
0.1485,4.44E-04,3.44E-05,6.14E-03,4.18E-03,2.14E-03
0.1495,4.40E-04,3.48E-05,6.10E-03,4.17E-03,2.13E-03
0.1505,4.37E-04,3.52E-05,6.05E-03,4.15E-03,2.13E-03
0.1515,4.33E-04,3.56E-05,6.01E-03,4.14E-03,2.12E-03
0.1525,4.30E-04,3.60E-05,5.96E-03,4.12E-03,2.11E-03
0.1535,4.26E-04,3.64E-05,5.92E-03,4.10E-03,2.11E-03
0.1545,4.23E-04,3.68E-05,5.88E-03,4.09E-03,2.10E-03
0.1555,4.20E-04,3.72E-05,5.83E-03,4.07E-03,2.09E-03
0.1565,4.16E-04,3.76E-05,5.79E-03,4.06E-03,2.08E-03
0.1575,4.13E-04,3.81E-05,5.75E-03,4.04E-03,2.08E-03
0.1585,4.10E-04,3.85E-05,5.71E-03,4.02E-03,2.07E-03
0.1595,4.06E-04,3.89E-05,5.67E-03,4.01E-03,2.06E-03
0.1605,4.03E-04,3.93E-05,5.63E-03,3.99E-03,2.05E-03
0.1615,4.00E-04,3.98E-05,5.59E-03,3.97E-03,2.05E-03
0.1625,3.97E-04,4.02E-05,5.55E-03,3.96E-03,2.04E-03
0.1635,3.94E-04,4.06E-05,5.51E-03,3.94E-03,2.03E-03
0.1645,3.91E-04,4.11E-05,5.47E-03,3.92E-03,2.02E-03
0.1655,3.88E-04,4.15E-05,5.44E-03,3.90E-03,2.01E-03
0.1665,3.85E-04,4.19E-05,5.40E-03,3.89E-03,2.01E-03
0.1675,3.82E-04,4.24E-05,5.36E-03,3.87E-03,2.00E-03
0.1685,3.79E-04,4.28E-05,5.33E-03,3.85E-03,1.99E-03
0.1695,3.76E-04,4.32E-05,5.29E-03,3.84E-03,1.98E-03
0.1705,3.73E-04,4.37E-05,5.25E-03,3.82E-03,1.97E-03
0.1715,3.70E-04,4.41E-05,5.22E-03,3.80E-03,1.97E-03
0.1725,3.68E-04,4.46E-05,5.19E-03,3.78E-03,1.96E-03
0.1735,3.65E-04,4.50E-05,5.15E-03,3.77E-03,1.95E-03
0.1745,3.62E-04,4.55E-05,5.12E-03,3.75E-03,1.94E-03
0.1755,3.60E-04,4.59E-05,5.08E-03,3.73E-03,1.93E-03
0.1765,3.57E-04,4.64E-05,5.05E-03,3.71E-03,1.92E-03
0.1775,3.54E-04,4.68E-05,5.02E-03,3.70E-03,1.91E-03
0.1785,3.52E-04,4.73E-05,4.99E-03,3.68E-03,1.90E-03
0.1795,3.49E-04,4.78E-05,4.95E-03,3.66E-03,1.90E-03
0.1805,3.47E-04,4.82E-05,4.92E-03,3.64E-03,1.89E-03
0.1815,3.45E-04,4.87E-05,4.89E-03,3.63E-03,1.88E-03
0.1825,3.42E-04,4.91E-05,4.86E-03,3.61E-03,1.87E-03
0.1835,3.40E-04,4.96E-05,4.83E-03,3.59E-03,1.86E-03
0.1845,3.38E-04,5.01E-05,4.80E-03,3.57E-03,1.85E-03
0.1855,3.35E-04,5.06E-05,4.77E-03,3.56E-03,1.84E-03
0.1865,3.33E-04,5.10E-05,4.74E-03,3.54E-03,1.83E-03
0.1875,3.31E-04,5.15E-05,4.71E-03,3.52E-03,1.82E-03
0.1885,3.29E-04,5.20E-05,4.69E-03,3.50E-03,1.81E-03
0.1895,3.27E-04,5.24E-05,4.66E-03,3.49E-03,1.80E-03
0.1905,3.25E-04,5.29E-05,4.63E-03,3.47E-03,1.79E-03
0.1915,3.23E-04,5.34E-05,4.60E-03,3.45E-03,1.79E-03
0.1925,3.21E-04,5.39E-05,4.58E-03,3.43E-03,1.78E-03
0.1935,3.19E-04,5.44E-05,4.55E-03,3.42E-03,1.77E-03
0.1945,3.17E-04,5.48E-05,4.52E-03,3.40E-03,1.76E-03
0.1955,3.15E-04,5.53E-05,4.50E-03,3.38E-03,1.75E-03
0.1965,3.13E-04,5.58E-05,4.47E-03,3.37E-03,1.74E-03
0.1975,3.11E-04,5.63E-05,4.44E-03,3.35E-03,1.73E-03
0.1985,3.10E-04,5.68E-05,4.42E-03,3.33E-03,1.72E-03
0.1995,3.08E-04,5.73E-05,4.39E-03,3.31E-03,1.71E-03
0.2005,3.06E-04,5.77E-05,4.37E-03,3.30E-03,1.70E-03
0.2015,3.05E-04,5.82E-05,4.34E-03,3.28E-03,1.69E-03
0.2025,3.03E-04,5.87E-05,4.32E-03,3.26E-03,1.68E-03
0.2035,3.02E-04,5.92E-05,4.30E-03,3.25E-03,1.67E-03
0.2045,3.00E-04,5.97E-05,4.27E-03,3.23E-03,1.66E-03
0.2055,2.98E-04,6.02E-05,4.25E-03,3.21E-03,1.65E-03
0.2065,2.97E-04,6.07E-05,4.23E-03,3.20E-03,1.64E-03
0.2075,2.96E-04,6.12E-05,4.20E-03,3.18E-03,1.63E-03
0.2085,2.94E-04,6.17E-05,4.18E-03,3.16E-03,1.63E-03
0.2095,2.93E-04,6.22E-05,4.16E-03,3.15E-03,1.62E-03
0.2105,2.91E-04,6.27E-05,4.14E-03,3.13E-03,1.61E-03
0.2115,2.90E-04,6.32E-05,4.11E-03,3.12E-03,1.60E-03
0.2125,2.89E-04,6.36E-05,4.09E-03,3.10E-03,1.59E-03
0.2135,2.87E-04,6.41E-05,4.07E-03,3.08E-03,1.58E-03
0.2145,2.86E-04,6.46E-05,4.05E-03,3.07E-03,1.57E-03
0.2155,2.85E-04,6.51E-05,4.03E-03,3.05E-03,1.56E-03
0.2165,2.84E-04,6.56E-05,4.01E-03,3.04E-03,1.55E-03
0.2175,2.83E-04,6.61E-05,3.99E-03,3.02E-03,1.54E-03
0.2185,2.81E-04,6.66E-05,3.97E-03,3.00E-03,1.53E-03
0.2195,2.80E-04,6.71E-05,3.95E-03,2.99E-03,1.52E-03
0.2205,2.79E-04,6.76E-05,3.93E-03,2.97E-03,1.52E-03
0.2215,2.78E-04,6.81E-05,3.91E-03,2.96E-03,1.51E-03
0.2225,2.77E-04,6.86E-05,3.89E-03,2.94E-03,1.50E-03
0.2235,2.76E-04,6.91E-05,3.87E-03,2.93E-03,1.49E-03
0.2245,2.75E-04,6.96E-05,3.85E-03,2.91E-03,1.48E-03
0.2255,2.74E-04,7.01E-05,3.83E-03,2.90E-03,1.47E-03
0.2265,2.73E-04,7.06E-05,3.81E-03,2.88E-03,1.46E-03
0.2275,2.72E-04,7.10E-05,3.80E-03,2.87E-03,1.45E-03
0.2285,2.71E-04,7.15E-05,3.78E-03,2.85E-03,1.45E-03
0.2295,2.70E-04,7.20E-05,3.76E-03,2.84E-03,1.44E-03
0.2305,2.69E-04,7.25E-05,3.74E-03,2.83E-03,1.43E-03
0.2315,2.69E-04,7.30E-05,3.72E-03,2.81E-03,1.42E-03
0.2325,2.68E-04,7.35E-05,3.71E-03,2.80E-03,1.41E-03
0.2335,2.67E-04,7.40E-05,3.69E-03,2.78E-03,1.40E-03
0.2345,2.66E-04,7.44E-05,3.67E-03,2.77E-03,1.40E-03
0.2355,2.65E-04,7.49E-05,3.65E-03,2.76E-03,1.39E-03
0.2365,2.64E-04,7.54E-05,3.64E-03,2.74E-03,1.38E-03
0.2375,2.64E-04,7.59E-05,3.62E-03,2.73E-03,1.37E-03
0.2385,2.63E-04,7.64E-05,3.60E-03,2.71E-03,1.36E-03
0.2395,2.62E-04,7.68E-05,3.59E-03,2.70E-03,1.36E-03
0.2405,2.61E-04,7.73E-05,3.57E-03,2.69E-03,1.35E-03
0.2415,2.60E-04,7.78E-05,3.55E-03,2.67E-03,1.34E-03
0.2425,2.60E-04,7.82E-05,3.54E-03,2.66E-03,1.33E-03
0.2435,2.59E-04,7.87E-05,3.52E-03,2.65E-03,1.33E-03
0.2445,2.58E-04,7.92E-05,3.51E-03,2.63E-03,1.32E-03
0.2455,2.57E-04,7.96E-05,3.49E-03,2.62E-03,1.31E-03
0.2465,2.57E-04,8.01E-05,3.48E-03,2.61E-03,1.30E-03
0.2475,2.56E-04,8.05E-05,3.46E-03,2.60E-03,1.30E-03
0.2485,2.55E-04,8.10E-05,3.45E-03,2.58E-03,1.29E-03
0.2495,2.55E-04,8.14E-05,3.43E-03,2.57E-03,1.28E-03
0.2505,2.54E-04,8.19E-05,3.42E-03,2.56E-03,1.27E-03
0.2515,2.53E-04,8.23E-05,3.40E-03,2.55E-03,1.27E-03
0.2525,2.52E-04,8.28E-05,3.39E-03,2.53E-03,1.26E-03
0.2535,2.52E-04,8.32E-05,3.37E-03,2.52E-03,1.25E-03
0.2545,2.51E-04,8.36E-05,3.36E-03,2.51E-03,1.25E-03
0.2555,2.50E-04,8.41E-05,3.34E-03,2.50E-03,1.24E-03
0.2565,2.50E-04,8.45E-05,3.33E-03,2.49E-03,1.23E-03
0.2575,2.49E-04,8.49E-05,3.32E-03,2.48E-03,1.23E-03
0.2585,2.48E-04,8.53E-05,3.30E-03,2.46E-03,1.22E-03
0.2595,2.48E-04,8.58E-05,3.29E-03,2.45E-03,1.22E-03
0.2605,2.47E-04,8.62E-05,3.27E-03,2.44E-03,1.21E-03
0.2615,2.46E-04,8.66E-05,3.26E-03,2.43E-03,1.20E-03
0.2625,2.46E-04,8.70E-05,3.25E-03,2.42E-03,1.20E-03
0.2635,2.45E-04,8.74E-05,3.23E-03,2.41E-03,1.19E-03
0.2645,2.44E-04,8.78E-05,3.22E-03,2.40E-03,1.19E-03
0.2655,2.44E-04,8.82E-05,3.21E-03,2.39E-03,1.18E-03
0.2665,2.43E-04,8.86E-05,3.19E-03,2.37E-03,1.18E-03
0.2675,2.42E-04,8.89E-05,3.18E-03,2.36E-03,1.17E-03
0.2685,2.41E-04,8.93E-05,3.17E-03,2.35E-03,1.16E-03
0.2695,2.41E-04,8.97E-05,3.16E-03,2.34E-03,1.16E-03
0.2705,2.40E-04,9.01E-05,3.14E-03,2.33E-03,1.15E-03
0.2715,2.39E-04,9.04E-05,3.13E-03,2.32E-03,1.15E-03
0.2725,2.39E-04,9.08E-05,3.12E-03,2.31E-03,1.14E-03
0.2735,2.38E-04,9.11E-05,3.11E-03,2.30E-03,1.14E-03
0.2745,2.37E-04,9.15E-05,3.09E-03,2.29E-03,1.13E-03
0.2755,2.37E-04,9.18E-05,3.08E-03,2.28E-03,1.13E-03
0.2765,2.36E-04,9.22E-05,3.07E-03,2.27E-03,1.12E-03
0.2775,2.35E-04,9.25E-05,3.06E-03,2.26E-03,1.12E-03
0.2785,2.35E-04,9.28E-05,3.05E-03,2.25E-03,1.12E-03
0.2795,2.34E-04,9.31E-05,3.03E-03,2.24E-03,1.11E-03
0.2805,2.33E-04,9.35E-05,3.02E-03,2.23E-03,1.11E-03
0.2815,2.32E-04,9.38E-05,3.01E-03,2.22E-03,1.10E-03
0.2825,2.32E-04,9.41E-05,3.00E-03,2.21E-03,1.10E-03
0.2835,2.31E-04,9.44E-05,2.99E-03,2.21E-03,1.09E-03
0.2845,2.30E-04,9.47E-05,2.98E-03,2.20E-03,1.09E-03
0.2855,2.30E-04,9.50E-05,2.96E-03,2.19E-03,1.09E-03
0.2865,2.29E-04,9.52E-05,2.95E-03,2.18E-03,1.08E-03
0.2875,2.28E-04,9.55E-05,2.94E-03,2.17E-03,1.08E-03
0.2885,2.27E-04,9.58E-05,2.93E-03,2.16E-03,1.08E-03
0.2895,2.27E-04,9.60E-05,2.92E-03,2.15E-03,1.07E-03
0.2905,2.26E-04,9.63E-05,2.91E-03,2.14E-03,1.07E-03
0.2915,2.25E-04,9.65E-05,2.90E-03,2.13E-03,1.07E-03
0.2925,2.24E-04,9.68E-05,2.89E-03,2.13E-03,1.06E-03
0.2935,2.24E-04,9.70E-05,2.88E-03,2.12E-03,1.06E-03
0.2945,2.23E-04,9.72E-05,2.87E-03,2.11E-03,1.06E-03
0.2955,2.22E-04,9.75E-05,2.85E-03,2.10E-03,1.05E-03
0.2965,2.22E-04,9.77E-05,2.84E-03,2.09E-03,1.05E-03
0.2975,2.21E-04,9.79E-05,2.83E-03,2.08E-03,1.05E-03
0.2985,2.20E-04,9.81E-05,2.82E-03,2.08E-03,1.04E-03
0.2995,2.19E-04,9.83E-05,2.81E-03,2.07E-03,1.04E-03
0.3005,2.19E-04,9.85E-05,2.80E-03,2.06E-03,1.04E-03
0.3015,2.18E-04,9.87E-05,2.79E-03,2.05E-03,1.04E-03
0.3025,2.17E-04,9.88E-05,2.78E-03,2.04E-03,1.03E-03
0.3035,2.16E-04,9.90E-05,2.77E-03,2.04E-03,1.03E-03
0.3045,2.16E-04,9.92E-05,2.76E-03,2.03E-03,1.03E-03
0.3055,2.15E-04,9.93E-05,2.75E-03,2.02E-03,1.03E-03
0.3065,2.14E-04,9.95E-05,2.74E-03,2.01E-03,1.02E-03
0.3075,2.13E-04,9.96E-05,2.73E-03,2.01E-03,1.02E-03
0.3085,2.13E-04,9.97E-05,2.72E-03,2.00E-03,1.02E-03
0.3095,2.12E-04,9.99E-05,2.71E-03,1.99E-03,1.02E-03
0.3105,2.11E-04,1.00E-04,2.70E-03,1.98E-03,1.02E-03
0.3115,2.10E-04,1.00E-04,2.69E-03,1.98E-03,1.01E-03
0.3125,2.10E-04,1.00E-04,2.68E-03,1.97E-03,1.01E-03
0.3135,2.09E-04,1.00E-04,2.68E-03,1.96E-03,1.01E-03
0.3145,2.08E-04,1.00E-04,2.67E-03,1.96E-03,1.01E-03
0.3155,2.07E-04,1.00E-04,2.66E-03,1.95E-03,1.01E-03
0.3165,2.07E-04,1.01E-04,2.65E-03,1.94E-03,1.00E-03
0.3175,2.06E-04,1.01E-04,2.64E-03,1.94E-03,1.00E-03
0.3185,2.05E-04,1.01E-04,2.63E-03,1.93E-03,1.00E-03
0.3195,2.05E-04,1.01E-04,2.62E-03,1.92E-03,9.99E-04
0.3205,2.04E-04,1.01E-04,2.61E-03,1.92E-03,9.97E-04
0.3215,2.03E-04,1.01E-04,2.60E-03,1.91E-03,9.95E-04
0.3225,2.02E-04,1.01E-04,2.59E-03,1.90E-03,9.94E-04
0.3235,2.02E-04,1.01E-04,2.58E-03,1.90E-03,9.92E-04
0.3245,2.01E-04,1.01E-04,2.58E-03,1.89E-03,9.91E-04
0.3255,2.00E-04,1.01E-04,2.57E-03,1.88E-03,9.89E-04
0.3265,2.00E-04,1.01E-04,2.56E-03,1.88E-03,9.88E-04
0.3275,1.99E-04,1.01E-04,2.55E-03,1.87E-03,9.86E-04
0.3285,1.98E-04,1.01E-04,2.54E-03,1.86E-03,9.85E-04
0.3295,1.97E-04,1.01E-04,2.53E-03,1.86E-03,9.84E-04
0.3305,1.97E-04,1.01E-04,2.52E-03,1.85E-03,9.82E-04
0.3315,1.96E-04,1.01E-04,2.52E-03,1.85E-03,9.81E-04
0.3325,1.95E-04,1.01E-04,2.51E-03,1.84E-03,9.80E-04
0.3335,1.95E-04,1.01E-04,2.50E-03,1.83E-03,9.78E-04
0.3345,1.94E-04,1.01E-04,2.49E-03,1.83E-03,9.77E-04
0.3355,1.93E-04,1.01E-04,2.48E-03,1.82E-03,9.76E-04
0.3365,1.93E-04,1.01E-04,2.47E-03,1.82E-03,9.74E-04
0.3375,1.92E-04,1.00E-04,2.47E-03,1.81E-03,9.73E-04
0.3385,1.91E-04,1.00E-04,2.46E-03,1.80E-03,9.72E-04
0.3395,1.91E-04,1.00E-04,2.45E-03,1.80E-03,9.71E-04
0.3405,1.90E-04,1.00E-04,2.44E-03,1.79E-03,9.69E-04
0.3415,1.89E-04,1.00E-04,2.43E-03,1.79E-03,9.68E-04
0.3425,1.89E-04,1.00E-04,2.43E-03,1.78E-03,9.67E-04
0.3435,1.88E-04,9.99E-05,2.42E-03,1.78E-03,9.66E-04
0.3445,1.88E-04,9.98E-05,2.41E-03,1.77E-03,9.65E-04
0.3455,1.87E-04,9.97E-05,2.40E-03,1.77E-03,9.63E-04
0.3465,1.86E-04,9.95E-05,2.39E-03,1.76E-03,9.62E-04
0.3475,1.86E-04,9.94E-05,2.39E-03,1.75E-03,9.61E-04
0.3485,1.85E-04,9.93E-05,2.38E-03,1.75E-03,9.60E-04
0.3495,1.85E-04,9.91E-05,2.37E-03,1.74E-03,9.59E-04
0.3505,1.84E-04,9.90E-05,2.36E-03,1.74E-03,9.57E-04
0.3515,1.83E-04,9.88E-05,2.36E-03,1.73E-03,9.56E-04
0.3525,1.83E-04,9.87E-05,2.35E-03,1.73E-03,9.55E-04
0.3535,1.82E-04,9.85E-05,2.34E-03,1.72E-03,9.54E-04
0.3545,1.82E-04,9.84E-05,2.33E-03,1.72E-03,9.53E-04
0.3555,1.81E-04,9.82E-05,2.33E-03,1.71E-03,9.51E-04
0.3565,1.81E-04,9.80E-05,2.32E-03,1.71E-03,9.50E-04
0.3575,1.80E-04,9.79E-05,2.31E-03,1.70E-03,9.49E-04
0.3585,1.79E-04,9.77E-05,2.30E-03,1.70E-03,9.48E-04
0.3595,1.79E-04,9.75E-05,2.30E-03,1.69E-03,9.46E-04
0.3605,1.78E-04,9.73E-05,2.29E-03,1.69E-03,9.45E-04
0.3615,1.78E-04,9.72E-05,2.28E-03,1.68E-03,9.44E-04
0.3625,1.77E-04,9.70E-05,2.28E-03,1.68E-03,9.43E-04
0.3635,1.77E-04,9.68E-05,2.27E-03,1.67E-03,9.41E-04
0.3645,1.76E-04,9.66E-05,2.26E-03,1.67E-03,9.40E-04
0.3655,1.76E-04,9.64E-05,2.25E-03,1.66E-03,9.39E-04
0.3665,1.75E-04,9.62E-05,2.25E-03,1.66E-03,9.37E-04
0.3675,1.75E-04,9.60E-05,2.24E-03,1.66E-03,9.36E-04
0.3685,1.75E-04,9.58E-05,2.23E-03,1.65E-03,9.35E-04
0.3695,1.74E-04,9.56E-05,2.23E-03,1.65E-03,9.33E-04
0.3705,1.74E-04,9.54E-05,2.22E-03,1.64E-03,9.32E-04
0.3715,1.73E-04,9.52E-05,2.21E-03,1.64E-03,9.30E-04
0.3725,1.73E-04,9.50E-05,2.21E-03,1.63E-03,9.29E-04
0.3735,1.72E-04,9.48E-05,2.20E-03,1.63E-03,9.28E-04
0.3745,1.72E-04,9.46E-05,2.19E-03,1.62E-03,9.26E-04
0.3755,1.71E-04,9.44E-05,2.19E-03,1.62E-03,9.25E-04
0.3765,1.71E-04,9.42E-05,2.18E-03,1.61E-03,9.23E-04
0.3775,1.71E-04,9.40E-05,2.17E-03,1.61E-03,9.22E-04
0.3785,1.70E-04,9.38E-05,2.17E-03,1.61E-03,9.20E-04
0.3795,1.70E-04,9.36E-05,2.16E-03,1.60E-03,9.19E-04
0.3805,1.69E-04,9.34E-05,2.15E-03,1.60E-03,9.17E-04
0.3815,1.69E-04,9.32E-05,2.15E-03,1.59E-03,9.15E-04
0.3825,1.69E-04,9.31E-05,2.14E-03,1.59E-03,9.14E-04
0.3835,1.68E-04,9.29E-05,2.14E-03,1.59E-03,9.12E-04
0.3845,1.68E-04,9.27E-05,2.13E-03,1.58E-03,9.10E-04
0.3855,1.67E-04,9.25E-05,2.12E-03,1.58E-03,9.09E-04
0.3865,1.67E-04,9.23E-05,2.12E-03,1.57E-03,9.07E-04
0.3875,1.67E-04,9.21E-05,2.11E-03,1.57E-03,9.05E-04
0.3885,1.66E-04,9.20E-05,2.10E-03,1.56E-03,9.04E-04
0.3895,1.66E-04,9.18E-05,2.10E-03,1.56E-03,9.02E-04
0.3905,1.66E-04,9.16E-05,2.09E-03,1.56E-03,9.00E-04
0.3915,1.65E-04,9.15E-05,2.09E-03,1.55E-03,8.98E-04
0.3925,1.65E-04,9.13E-05,2.08E-03,1.55E-03,8.97E-04
0.3935,1.65E-04,9.12E-05,2.07E-03,1.54E-03,8.95E-04
0.3945,1.64E-04,9.10E-05,2.07E-03,1.54E-03,8.93E-04
0.3955,1.64E-04,9.09E-05,2.06E-03,1.54E-03,8.91E-04
0.3965,1.64E-04,9.08E-05,2.06E-03,1.53E-03,8.89E-04
0.3975,1.63E-04,9.06E-05,2.05E-03,1.53E-03,8.87E-04
0.3985,1.63E-04,9.05E-05,2.04E-03,1.53E-03,8.85E-04
0.3995,1.63E-04,9.04E-05,2.04E-03,1.52E-03,8.84E-04
0.4005,1.63E-04,9.03E-05,2.03E-03,1.52E-03,8.82E-04
0.4015,1.62E-04,9.02E-05,2.03E-03,1.51E-03,8.80E-04
0.4025,1.62E-04,9.01E-05,2.02E-03,1.51E-03,8.78E-04
0.4035,1.62E-04,9.00E-05,2.02E-03,1.51E-03,8.76E-04
0.4045,1.61E-04,8.99E-05,2.01E-03,1.50E-03,8.74E-04
0.4055,1.61E-04,8.98E-05,2.00E-03,1.50E-03,8.72E-04
0.4065,1.61E-04,8.98E-05,2.00E-03,1.50E-03,8.70E-04
0.4075,1.61E-04,8.97E-05,1.99E-03,1.49E-03,8.67E-04
0.4085,1.60E-04,8.97E-05,1.99E-03,1.49E-03,8.65E-04
0.4095,1.60E-04,8.96E-05,1.98E-03,1.49E-03,8.63E-04
0.4105,1.60E-04,8.96E-05,1.98E-03,1.48E-03,8.61E-04
0.4115,1.60E-04,8.95E-05,1.97E-03,1.48E-03,8.59E-04
0.4125,1.59E-04,8.95E-05,1.97E-03,1.47E-03,8.57E-04
0.4135,1.59E-04,8.95E-05,1.96E-03,1.47E-03,8.55E-04
0.4145,1.59E-04,8.95E-05,1.95E-03,1.47E-03,8.53E-04
0.4155,1.59E-04,8.95E-05,1.95E-03,1.46E-03,8.50E-04
0.4165,1.58E-04,8.95E-05,1.94E-03,1.46E-03,8.48E-04
0.4175,1.58E-04,8.95E-05,1.94E-03,1.46E-03,8.46E-04
0.4185,1.58E-04,8.96E-05,1.93E-03,1.45E-03,8.44E-04
0.4195,1.58E-04,8.96E-05,1.93E-03,1.45E-03,8.41E-04
0.4205,1.57E-04,8.97E-05,1.92E-03,1.45E-03,8.39E-04
0.4215,1.57E-04,8.97E-05,1.92E-03,1.44E-03,8.37E-04
0.4225,1.57E-04,8.98E-05,1.91E-03,1.44E-03,8.35E-04
0.4235,1.57E-04,8.99E-05,1.91E-03,1.44E-03,8.32E-04
0.4245,1.57E-04,9.00E-05,1.90E-03,1.43E-03,8.30E-04
0.4255,1.56E-04,9.01E-05,1.90E-03,1.43E-03,8.28E-04
0.4265,1.56E-04,9.02E-05,1.89E-03,1.43E-03,8.25E-04
0.4275,1.56E-04,9.03E-05,1.89E-03,1.42E-03,8.23E-04
0.4285,1.56E-04,9.04E-05,1.88E-03,1.42E-03,8.21E-04
0.4295,1.55E-04,9.05E-05,1.88E-03,1.42E-03,8.18E-04
0.4305,1.55E-04,9.07E-05,1.87E-03,1.41E-03,8.16E-04
0.4315,1.55E-04,9.08E-05,1.87E-03,1.41E-03,8.14E-04
0.4325,1.55E-04,9.10E-05,1.86E-03,1.41E-03,8.11E-04
0.4335,1.55E-04,9.11E-05,1.86E-03,1.41E-03,8.09E-04
0.4345,1.55E-04,9.13E-05,1.85E-03,1.40E-03,8.07E-04
0.4355,1.54E-04,9.15E-05,1.85E-03,1.40E-03,8.04E-04
0.4365,1.54E-04,9.17E-05,1.84E-03,1.40E-03,8.02E-04
0.4375,1.54E-04,9.19E-05,1.84E-03,1.39E-03,8.00E-04
0.4385,1.54E-04,9.21E-05,1.83E-03,1.39E-03,7.97E-04
0.4395,1.54E-04,9.23E-05,1.83E-03,1.39E-03,7.95E-04
0.4405,1.54E-04,9.25E-05,1.82E-03,1.38E-03,7.92E-04
0.4415,1.53E-04,9.27E-05,1.82E-03,1.38E-03,7.90E-04
0.4425,1.53E-04,9.30E-05,1.81E-03,1.38E-03,7.88E-04
0.4435,1.53E-04,9.32E-05,1.81E-03,1.38E-03,7.85E-04
0.4445,1.53E-04,9.35E-05,1.81E-03,1.37E-03,7.83E-04
0.4455,1.53E-04,9.37E-05,1.80E-03,1.37E-03,7.80E-04
0.4465,1.53E-04,9.40E-05,1.80E-03,1.37E-03,7.78E-04
0.4475,1.52E-04,9.43E-05,1.79E-03,1.36E-03,7.76E-04
0.4485,1.52E-04,9.45E-05,1.79E-03,1.36E-03,7.73E-04
0.4495,1.52E-04,9.48E-05,1.78E-03,1.36E-03,7.71E-04
0.4505,1.52E-04,9.51E-05,1.78E-03,1.36E-03,7.68E-04
0.4515,1.52E-04,9.54E-05,1.77E-03,1.35E-03,7.66E-04
0.4525,1.52E-04,9.57E-05,1.77E-03,1.35E-03,7.63E-04
0.4535,1.52E-04,9.60E-05,1.77E-03,1.35E-03,7.61E-04
0.4545,1.52E-04,9.63E-05,1.76E-03,1.34E-03,7.59E-04
0.4555,1.51E-04,9.66E-05,1.76E-03,1.34E-03,7.56E-04
0.4565,1.51E-04,9.70E-05,1.75E-03,1.34E-03,7.54E-04
0.4575,1.51E-04,9.73E-05,1.75E-03,1.34E-03,7.52E-04
0.4585,1.51E-04,9.76E-05,1.74E-03,1.33E-03,7.49E-04
0.4595,1.51E-04,9.80E-05,1.74E-03,1.33E-03,7.47E-04
0.4605,1.51E-04,9.83E-05,1.74E-03,1.33E-03,7.44E-04
0.4615,1.51E-04,9.86E-05,1.73E-03,1.33E-03,7.42E-04
0.4625,1.51E-04,9.90E-05,1.73E-03,1.32E-03,7.40E-04
0.4635,1.51E-04,9.93E-05,1.72E-03,1.32E-03,7.37E-04
0.4645,1.51E-04,9.97E-05,1.72E-03,1.32E-03,7.35E-04
0.4655,1.51E-04,1.00E-04,1.71E-03,1.31E-03,7.33E-04
0.4665,1.51E-04,1.00E-04,1.71E-03,1.31E-03,7.30E-04
0.4675,1.50E-04,1.01E-04,1.71E-03,1.31E-03,7.28E-04
0.4685,1.50E-04,1.01E-04,1.70E-03,1.31E-03,7.26E-04
0.4695,1.50E-04,1.02E-04,1.70E-03,1.30E-03,7.23E-04
0.4705,1.50E-04,1.02E-04,1.69E-03,1.30E-03,7.21E-04
0.4715,1.50E-04,1.02E-04,1.69E-03,1.30E-03,7.19E-04
0.4725,1.50E-04,1.03E-04,1.69E-03,1.30E-03,7.16E-04
0.4735,1.50E-04,1.03E-04,1.68E-03,1.29E-03,7.14E-04
0.4745,1.50E-04,1.03E-04,1.68E-03,1.29E-03,7.12E-04
0.4755,1.50E-04,1.04E-04,1.68E-03,1.29E-03,7.10E-04
0.4765,1.50E-04,1.04E-04,1.67E-03,1.29E-03,7.07E-04
0.4775,1.50E-04,1.05E-04,1.67E-03,1.29E-03,7.05E-04
0.4785,1.50E-04,1.05E-04,1.66E-03,1.28E-03,7.03E-04
0.4795,1.50E-04,1.05E-04,1.66E-03,1.28E-03,7.01E-04
0.4805,1.50E-04,1.06E-04,1.66E-03,1.28E-03,6.98E-04
0.4815,1.50E-04,1.06E-04,1.65E-03,1.28E-03,6.96E-04
0.4825,1.50E-04,1.07E-04,1.65E-03,1.27E-03,6.94E-04
0.4835,1.50E-04,1.07E-04,1.65E-03,1.27E-03,6.92E-04
0.4845,1.50E-04,1.07E-04,1.64E-03,1.27E-03,6.90E-04
0.4855,1.50E-04,1.08E-04,1.64E-03,1.27E-03,6.87E-04
0.4865,1.50E-04,1.08E-04,1.63E-03,1.26E-03,6.85E-04
0.4875,1.50E-04,1.08E-04,1.63E-03,1.26E-03,6.83E-04
0.4885,1.50E-04,1.09E-04,1.63E-03,1.26E-03,6.81E-04
0.4895,1.50E-04,1.09E-04,1.62E-03,1.26E-03,6.79E-04
0.4905,1.50E-04,1.10E-04,1.62E-03,1.26E-03,6.77E-04
0.4915,1.50E-04,1.10E-04,1.62E-03,1.25E-03,6.75E-04
0.4925,1.50E-04,1.10E-04,1.61E-03,1.25E-03,6.72E-04
0.4935,1.50E-04,1.11E-04,1.61E-03,1.25E-03,6.70E-04
0.4945,1.51E-04,1.11E-04,1.61E-03,1.25E-03,6.68E-04
0.4955,1.51E-04,1.12E-04,1.60E-03,1.24E-03,6.66E-04
0.4965,1.51E-04,1.12E-04,1.60E-03,1.24E-03,6.64E-04
0.4975,1.51E-04,1.12E-04,1.60E-03,1.24E-03,6.62E-04
0.4985,1.51E-04,1.13E-04,1.59E-03,1.24E-03,6.60E-04
0.4995,1.51E-04,1.13E-04,1.59E-03,1.24E-03,6.58E-04
0.5005,1.51E-04,1.14E-04,1.59E-03,1.23E-03,6.56E-04
0.5015,1.51E-04,1.14E-04,1.58E-03,1.23E-03,6.54E-04
0.5025,1.51E-04,1.14E-04,1.58E-03,1.23E-03,6.52E-04
0.5035,1.51E-04,1.15E-04,1.58E-03,1.23E-03,6.50E-04
0.5045,1.51E-04,1.15E-04,1.57E-03,1.23E-03,6.48E-04
0.5055,1.52E-04,1.16E-04,1.57E-03,1.22E-03,6.46E-04
0.5065,1.52E-04,1.16E-04,1.57E-03,1.22E-03,6.44E-04
0.5075,1.52E-04,1.16E-04,1.56E-03,1.22E-03,6.42E-04
0.5085,1.52E-04,1.17E-04,1.56E-03,1.22E-03,6.40E-04
0.5095,1.52E-04,1.17E-04,1.56E-03,1.22E-03,6.39E-04
0.5105,1.52E-04,1.18E-04,1.55E-03,1.22E-03,6.37E-04
0.5115,1.52E-04,1.18E-04,1.55E-03,1.21E-03,6.35E-04
0.5125,1.53E-04,1.18E-04,1.55E-03,1.21E-03,6.33E-04
0.5135,1.53E-04,1.19E-04,1.54E-03,1.21E-03,6.31E-04
0.5145,1.53E-04,1.19E-04,1.54E-03,1.21E-03,6.29E-04
0.5155,1.53E-04,1.20E-04,1.54E-03,1.21E-03,6.27E-04
0.5165,1.53E-04,1.20E-04,1.54E-03,1.20E-03,6.25E-04
0.5175,1.53E-04,1.20E-04,1.53E-03,1.20E-03,6.24E-04
0.5185,1.54E-04,1.21E-04,1.53E-03,1.20E-03,6.22E-04
0.5195,1.54E-04,1.21E-04,1.53E-03,1.20E-03,6.20E-04
0.5205,1.54E-04,1.22E-04,1.52E-03,1.20E-03,6.18E-04
0.5215,1.54E-04,1.22E-04,1.52E-03,1.20E-03,6.16E-04
0.5225,1.54E-04,1.22E-04,1.52E-03,1.19E-03,6.15E-04
0.5235,1.55E-04,1.23E-04,1.51E-03,1.19E-03,6.13E-04
0.5245,1.55E-04,1.23E-04,1.51E-03,1.19E-03,6.11E-04
0.5255,1.55E-04,1.24E-04,1.51E-03,1.19E-03,6.09E-04
0.5265,1.55E-04,1.24E-04,1.51E-03,1.19E-03,6.08E-04
0.5275,1.56E-04,1.25E-04,1.50E-03,1.19E-03,6.06E-04
0.5285,1.56E-04,1.25E-04,1.50E-03,1.18E-03,6.04E-04
0.5295,1.56E-04,1.25E-04,1.50E-03,1.18E-03,6.03E-04
0.5305,1.56E-04,1.26E-04,1.50E-03,1.18E-03,6.01E-04
0.5315,1.56E-04,1.26E-04,1.49E-03,1.18E-03,5.99E-04
0.5325,1.57E-04,1.27E-04,1.49E-03,1.18E-03,5.97E-04
0.5335,1.57E-04,1.27E-04,1.49E-03,1.18E-03,5.96E-04
0.5345,1.57E-04,1.27E-04,1.48E-03,1.17E-03,5.94E-04
0.5355,1.57E-04,1.28E-04,1.48E-03,1.17E-03,5.93E-04
0.5365,1.58E-04,1.28E-04,1.48E-03,1.17E-03,5.91E-04
0.5375,1.58E-04,1.29E-04,1.48E-03,1.17E-03,5.89E-04
0.5385,1.58E-04,1.29E-04,1.47E-03,1.17E-03,5.88E-04
0.5395,1.59E-04,1.30E-04,1.47E-03,1.17E-03,5.86E-04
0.5405,1.59E-04,1.30E-04,1.47E-03,1.17E-03,5.84E-04
0.5415,1.59E-04,1.30E-04,1.47E-03,1.16E-03,5.83E-04
0.5425,1.59E-04,1.31E-04,1.46E-03,1.16E-03,5.81E-04
0.5435,1.60E-04,1.31E-04,1.46E-03,1.16E-03,5.80E-04
0.5445,1.60E-04,1.32E-04,1.46E-03,1.16E-03,5.78E-04
0.5455,1.60E-04,1.32E-04,1.46E-03,1.16E-03,5.77E-04
0.5465,1.61E-04,1.33E-04,1.45E-03,1.16E-03,5.75E-04
0.5475,1.61E-04,1.33E-04,1.45E-03,1.16E-03,5.74E-04
0.5485,1.61E-04,1.34E-04,1.45E-03,1.16E-03,5.72E-04
0.5495,1.62E-04,1.34E-04,1.45E-03,1.15E-03,5.70E-04
0.5505,1.62E-04,1.34E-04,1.44E-03,1.15E-03,5.69E-04
0.5515,1.62E-04,1.35E-04,1.44E-03,1.15E-03,5.68E-04
0.5525,1.63E-04,1.35E-04,1.44E-03,1.15E-03,5.66E-04
0.5535,1.63E-04,1.36E-04,1.44E-03,1.15E-03,5.65E-04
0.5545,1.63E-04,1.36E-04,1.43E-03,1.15E-03,5.63E-04
0.5555,1.64E-04,1.37E-04,1.43E-03,1.15E-03,5.62E-04
0.5565,1.64E-04,1.37E-04,1.43E-03,1.15E-03,5.60E-04
0.5575,1.64E-04,1.38E-04,1.43E-03,1.14E-03,5.59E-04
0.5585,1.65E-04,1.38E-04,1.43E-03,1.14E-03,5.57E-04
0.5595,1.65E-04,1.39E-04,1.42E-03,1.14E-03,5.56E-04
0.5605,1.66E-04,1.39E-04,1.42E-03,1.14E-03,5.55E-04
0.5615,1.66E-04,1.40E-04,1.42E-03,1.14E-03,5.53E-04
0.5625,1.66E-04,1.40E-04,1.42E-03,1.14E-03,5.52E-04
0.5635,1.67E-04,1.41E-04,1.41E-03,1.14E-03,5.50E-04
0.5645,1.67E-04,1.41E-04,1.41E-03,1.14E-03,5.49E-04
0.5655,1.67E-04,1.42E-04,1.41E-03,1.14E-03,5.48E-04
0.5665,1.68E-04,1.42E-04,1.41E-03,1.14E-03,5.46E-04
0.5675,1.68E-04,1.43E-04,1.41E-03,1.13E-03,5.45E-04
0.5685,1.69E-04,1.43E-04,1.40E-03,1.13E-03,5.44E-04
0.5695,1.69E-04,1.44E-04,1.40E-03,1.13E-03,5.42E-04
0.5705,1.69E-04,1.44E-04,1.40E-03,1.13E-03,5.41E-04
0.5715,1.70E-04,1.45E-04,1.40E-03,1.13E-03,5.40E-04
0.5725,1.70E-04,1.45E-04,1.40E-03,1.13E-03,5.39E-04
0.5735,1.71E-04,1.46E-04,1.39E-03,1.13E-03,5.37E-04
0.5745,1.71E-04,1.46E-04,1.39E-03,1.13E-03,5.36E-04
0.5755,1.72E-04,1.47E-04,1.39E-03,1.13E-03,5.35E-04
0.5765,1.72E-04,1.48E-04,1.39E-03,1.13E-03,5.34E-04
0.5775,1.72E-04,1.48E-04,1.39E-03,1.13E-03,5.32E-04
0.5785,1.73E-04,1.49E-04,1.38E-03,1.12E-03,5.31E-04
0.5795,1.73E-04,1.49E-04,1.38E-03,1.12E-03,5.30E-04
0.5805,1.74E-04,1.50E-04,1.38E-03,1.12E-03,5.29E-04
0.5815,1.74E-04,1.50E-04,1.38E-03,1.12E-03,5.27E-04
0.5825,1.75E-04,1.51E-04,1.38E-03,1.12E-03,5.26E-04
0.5835,1.75E-04,1.52E-04,1.37E-03,1.12E-03,5.25E-04
0.5845,1.76E-04,1.52E-04,1.37E-03,1.12E-03,5.24E-04
0.5855,1.76E-04,1.53E-04,1.37E-03,1.12E-03,5.23E-04
0.5865,1.77E-04,1.53E-04,1.37E-03,1.12E-03,5.22E-04
0.5875,1.77E-04,1.54E-04,1.37E-03,1.12E-03,5.21E-04
0.5885,1.78E-04,1.54E-04,1.36E-03,1.12E-03,5.19E-04
0.5895,1.78E-04,1.55E-04,1.36E-03,1.12E-03,5.18E-04
0.5905,1.79E-04,1.56E-04,1.36E-03,1.12E-03,5.17E-04
0.5915,1.79E-04,1.56E-04,1.36E-03,1.11E-03,5.16E-04
0.5925,1.80E-04,1.57E-04,1.36E-03,1.11E-03,5.15E-04
0.5935,1.80E-04,1.57E-04,1.36E-03,1.11E-03,5.14E-04
0.5945,1.81E-04,1.58E-04,1.35E-03,1.11E-03,5.13E-04
0.5955,1.81E-04,1.59E-04,1.35E-03,1.11E-03,5.12E-04
0.5965,1.82E-04,1.59E-04,1.35E-03,1.11E-03,5.11E-04
0.5975,1.82E-04,1.60E-04,1.35E-03,1.11E-03,5.10E-04
0.5985,1.83E-04,1.61E-04,1.35E-03,1.11E-03,5.09E-04
0.5995,1.83E-04,1.61E-04,1.35E-03,1.11E-03,5.08E-04
0.6005,1.84E-04,1.62E-04,1.34E-03,1.11E-03,5.07E-04
0.6015,1.84E-04,1.63E-04,1.34E-03,1.11E-03,5.06E-04
0.6025,1.85E-04,1.63E-04,1.34E-03,1.11E-03,5.05E-04
0.6035,1.85E-04,1.64E-04,1.34E-03,1.11E-03,5.04E-04
0.6045,1.86E-04,1.64E-04,1.34E-03,1.11E-03,5.03E-04
0.6055,1.87E-04,1.65E-04,1.34E-03,1.11E-03,5.02E-04
0.6065,1.87E-04,1.66E-04,1.34E-03,1.11E-03,5.01E-04
0.6075,1.88E-04,1.66E-04,1.33E-03,1.11E-03,5.00E-04
0.6085,1.88E-04,1.67E-04,1.33E-03,1.11E-03,4.99E-04
0.6095,1.89E-04,1.68E-04,1.33E-03,1.10E-03,4.98E-04
0.6105,1.89E-04,1.68E-04,1.33E-03,1.10E-03,4.97E-04
0.6115,1.90E-04,1.69E-04,1.33E-03,1.10E-03,4.96E-04
0.6125,1.91E-04,1.70E-04,1.33E-03,1.10E-03,4.95E-04
0.6135,1.91E-04,1.71E-04,1.32E-03,1.10E-03,4.94E-04
0.6145,1.92E-04,1.71E-04,1.32E-03,1.10E-03,4.94E-04
0.6155,1.92E-04,1.72E-04,1.32E-03,1.10E-03,4.93E-04
0.6165,1.93E-04,1.73E-04,1.32E-03,1.10E-03,4.92E-04
0.6175,1.94E-04,1.73E-04,1.32E-03,1.10E-03,4.91E-04
0.6185,1.94E-04,1.74E-04,1.32E-03,1.10E-03,4.90E-04
0.6195,1.95E-04,1.75E-04,1.32E-03,1.10E-03,4.89E-04
0.6205,1.95E-04,1.75E-04,1.31E-03,1.10E-03,4.88E-04
0.6215,1.96E-04,1.76E-04,1.31E-03,1.10E-03,4.87E-04
0.6225,1.97E-04,1.77E-04,1.31E-03,1.10E-03,4.86E-04
0.6235,1.97E-04,1.78E-04,1.31E-03,1.10E-03,4.86E-04
0.6245,1.98E-04,1.78E-04,1.31E-03,1.10E-03,4.85E-04
0.6255,1.99E-04,1.79E-04,1.31E-03,1.10E-03,4.84E-04
0.6265,1.99E-04,1.80E-04,1.31E-03,1.10E-03,4.83E-04
0.6275,2.00E-04,1.80E-04,1.31E-03,1.10E-03,4.82E-04
0.6285,2.00E-04,1.81E-04,1.30E-03,1.10E-03,4.81E-04
0.6295,2.01E-04,1.82E-04,1.30E-03,1.10E-03,4.80E-04
0.6305,2.02E-04,1.83E-04,1.30E-03,1.10E-03,4.80E-04
0.6315,2.02E-04,1.83E-04,1.30E-03,1.10E-03,4.79E-04
0.6325,2.03E-04,1.84E-04,1.30E-03,1.10E-03,4.78E-04
0.6335,2.04E-04,1.85E-04,1.30E-03,1.10E-03,4.77E-04
0.6345,2.04E-04,1.86E-04,1.30E-03,1.10E-03,4.76E-04
0.6355,2.05E-04,1.86E-04,1.30E-03,1.10E-03,4.75E-04
0.6365,2.06E-04,1.87E-04,1.30E-03,1.10E-03,4.74E-04
0.6375,2.06E-04,1.88E-04,1.29E-03,1.10E-03,4.74E-04
0.6385,2.07E-04,1.89E-04,1.29E-03,1.10E-03,4.73E-04
0.6395,2.08E-04,1.89E-04,1.29E-03,1.10E-03,4.72E-04
0.6405,2.08E-04,1.90E-04,1.29E-03,1.10E-03,4.71E-04
0.6415,2.09E-04,1.91E-04,1.29E-03,1.10E-03,4.70E-04
0.6425,2.10E-04,1.92E-04,1.29E-03,1.10E-03,4.69E-04
0.6435,2.11E-04,1.93E-04,1.29E-03,1.10E-03,4.68E-04
0.6445,2.11E-04,1.93E-04,1.29E-03,1.10E-03,4.68E-04
0.6455,2.12E-04,1.94E-04,1.29E-03,1.10E-03,4.67E-04
0.6465,2.13E-04,1.95E-04,1.28E-03,1.10E-03,4.66E-04
0.6475,2.13E-04,1.96E-04,1.28E-03,1.10E-03,4.65E-04
0.6485,2.14E-04,1.97E-04,1.28E-03,1.10E-03,4.64E-04
0.6495,2.15E-04,1.97E-04,1.28E-03,1.10E-03,4.63E-04
0.6505,2.15E-04,1.98E-04,1.28E-03,1.10E-03,4.62E-04
0.6515,2.16E-04,1.99E-04,1.28E-03,1.10E-03,4.61E-04
0.6525,2.17E-04,2.00E-04,1.28E-03,1.10E-03,4.61E-04
0.6535,2.18E-04,2.01E-04,1.28E-03,1.10E-03,4.60E-04
0.6545,2.18E-04,2.01E-04,1.28E-03,1.10E-03,4.59E-04
0.6555,2.19E-04,2.02E-04,1.28E-03,1.10E-03,4.58E-04
0.6565,2.20E-04,2.03E-04,1.27E-03,1.10E-03,4.57E-04
0.6575,2.21E-04,2.04E-04,1.27E-03,1.10E-03,4.56E-04
0.6585,2.21E-04,2.05E-04,1.27E-03,1.10E-03,4.55E-04
0.6595,2.22E-04,2.05E-04,1.27E-03,1.10E-03,4.54E-04
0.6605,2.23E-04,2.06E-04,1.27E-03,1.10E-03,4.53E-04
0.6615,2.24E-04,2.07E-04,1.27E-03,1.10E-03,4.52E-04
0.6625,2.24E-04,2.08E-04,1.27E-03,1.10E-03,4.52E-04
0.6635,2.25E-04,2.09E-04,1.27E-03,1.10E-03,4.51E-04
0.6645,2.26E-04,2.10E-04,1.27E-03,1.10E-03,4.50E-04
0.6655,2.27E-04,2.11E-04,1.27E-03,1.10E-03,4.49E-04
0.6665,2.28E-04,2.11E-04,1.27E-03,1.10E-03,4.48E-04
0.6675,2.28E-04,2.12E-04,1.27E-03,1.10E-03,4.47E-04
0.6685,2.29E-04,2.13E-04,1.27E-03,1.10E-03,4.46E-04
0.6695,2.30E-04,2.14E-04,1.26E-03,1.10E-03,4.45E-04
0.6705,2.31E-04,2.15E-04,1.26E-03,1.10E-03,4.44E-04
0.6715,2.31E-04,2.16E-04,1.26E-03,1.10E-03,4.43E-04
0.6725,2.32E-04,2.17E-04,1.26E-03,1.10E-03,4.42E-04
0.6735,2.33E-04,2.18E-04,1.26E-03,1.10E-03,4.41E-04
0.6745,2.34E-04,2.18E-04,1.26E-03,1.10E-03,4.40E-04
0.6755,2.35E-04,2.19E-04,1.26E-03,1.10E-03,4.39E-04
0.6765,2.35E-04,2.20E-04,1.26E-03,1.10E-03,4.38E-04
0.6775,2.36E-04,2.21E-04,1.26E-03,1.10E-03,4.37E-04
0.6785,2.37E-04,2.22E-04,1.26E-03,1.10E-03,4.36E-04
0.6795,2.38E-04,2.23E-04,1.26E-03,1.10E-03,4.35E-04
0.6805,2.39E-04,2.24E-04,1.26E-03,1.10E-03,4.34E-04
0.6815,2.40E-04,2.25E-04,1.26E-03,1.10E-03,4.33E-04
0.6825,2.40E-04,2.26E-04,1.26E-03,1.10E-03,4.32E-04
0.6835,2.41E-04,2.26E-04,1.25E-03,1.10E-03,4.31E-04
0.6845,2.42E-04,2.27E-04,1.25E-03,1.10E-03,4.30E-04
0.6855,2.43E-04,2.28E-04,1.25E-03,1.11E-03,4.29E-04
0.6865,2.44E-04,2.29E-04,1.25E-03,1.11E-03,4.28E-04
0.6875,2.45E-04,2.30E-04,1.25E-03,1.11E-03,4.27E-04
0.6885,2.45E-04,2.31E-04,1.25E-03,1.11E-03,4.26E-04
0.6895,2.46E-04,2.32E-04,1.25E-03,1.11E-03,4.25E-04
0.6905,2.47E-04,2.33E-04,1.25E-03,1.11E-03,4.24E-04
0.6915,2.48E-04,2.34E-04,1.25E-03,1.11E-03,4.23E-04
0.6925,2.49E-04,2.35E-04,1.25E-03,1.11E-03,4.22E-04
0.6935,2.50E-04,2.36E-04,1.25E-03,1.11E-03,4.21E-04
0.6945,2.51E-04,2.37E-04,1.25E-03,1.11E-03,4.20E-04
0.6955,2.52E-04,2.38E-04,1.25E-03,1.11E-03,4.19E-04
0.6965,2.52E-04,2.39E-04,1.25E-03,1.11E-03,4.18E-04
0.6975,2.53E-04,2.40E-04,1.25E-03,1.11E-03,4.17E-04
0.6985,2.54E-04,2.41E-04,1.25E-03,1.11E-03,4.16E-04
0.6995,2.55E-04,2.42E-04,1.25E-03,1.11E-03,4.15E-04
0.7005,2.56E-04,2.43E-04,1.25E-03,1.11E-03,4.14E-04
0.7015,2.57E-04,2.44E-04,1.25E-03,1.11E-03,4.13E-04
0.7025,2.58E-04,2.44E-04,1.25E-03,1.11E-03,4.12E-04
0.7035,2.59E-04,2.45E-04,1.25E-03,1.11E-03,4.11E-04
0.7045,2.60E-04,2.46E-04,1.25E-03,1.11E-03,4.10E-04
0.7055,2.61E-04,2.47E-04,1.24E-03,1.11E-03,4.09E-04
0.7065,2.61E-04,2.48E-04,1.24E-03,1.11E-03,4.08E-04
0.7075,2.62E-04,2.49E-04,1.24E-03,1.12E-03,4.07E-04
0.7085,2.63E-04,2.50E-04,1.24E-03,1.12E-03,4.06E-04
0.7095,2.64E-04,2.51E-04,1.24E-03,1.12E-03,4.05E-04
0.7105,2.65E-04,2.52E-04,1.24E-03,1.12E-03,4.04E-04
0.7115,2.66E-04,2.53E-04,1.24E-03,1.12E-03,4.03E-04
0.7125,2.67E-04,2.54E-04,1.24E-03,1.12E-03,4.02E-04
0.7135,2.68E-04,2.55E-04,1.24E-03,1.12E-03,4.01E-04
0.7145,2.69E-04,2.57E-04,1.24E-03,1.12E-03,4.00E-04
0.7155,2.70E-04,2.58E-04,1.24E-03,1.12E-03,3.99E-04
0.7165,2.71E-04,2.59E-04,1.24E-03,1.12E-03,3.98E-04
0.7175,2.72E-04,2.60E-04,1.24E-03,1.12E-03,3.97E-04
0.7185,2.73E-04,2.61E-04,1.24E-03,1.12E-03,3.96E-04
0.7195,2.74E-04,2.62E-04,1.24E-03,1.12E-03,3.95E-04
0.7205,2.75E-04,2.63E-04,1.24E-03,1.12E-03,3.94E-04
0.7215,2.76E-04,2.64E-04,1.24E-03,1.12E-03,3.93E-04
0.7225,2.77E-04,2.65E-04,1.24E-03,1.12E-03,3.92E-04
0.7235,2.78E-04,2.66E-04,1.24E-03,1.13E-03,3.91E-04
0.7245,2.79E-04,2.67E-04,1.24E-03,1.13E-03,3.90E-04
0.7255,2.80E-04,2.68E-04,1.24E-03,1.13E-03,3.89E-04
0.7265,2.81E-04,2.69E-04,1.24E-03,1.13E-03,3.89E-04
0.7275,2.82E-04,2.70E-04,1.24E-03,1.13E-03,3.88E-04
0.7285,2.83E-04,2.71E-04,1.24E-03,1.13E-03,3.87E-04
0.7295,2.84E-04,2.72E-04,1.24E-03,1.13E-03,3.86E-04
0.7305,2.85E-04,2.73E-04,1.24E-03,1.13E-03,3.85E-04
0.7315,2.86E-04,2.75E-04,1.24E-03,1.13E-03,3.84E-04
0.7325,2.87E-04,2.76E-04,1.24E-03,1.13E-03,3.83E-04
0.7335,2.88E-04,2.77E-04,1.24E-03,1.13E-03,3.82E-04
0.7345,2.89E-04,2.78E-04,1.24E-03,1.13E-03,3.81E-04
0.7355,2.90E-04,2.79E-04,1.24E-03,1.13E-03,3.80E-04
0.7365,2.91E-04,2.80E-04,1.24E-03,1.13E-03,3.80E-04
0.7375,2.92E-04,2.81E-04,1.24E-03,1.14E-03,3.79E-04
0.7385,2.93E-04,2.82E-04,1.24E-03,1.14E-03,3.78E-04
0.7395,2.94E-04,2.83E-04,1.24E-03,1.14E-03,3.77E-04
0.7405,2.95E-04,2.85E-04,1.24E-03,1.14E-03,3.76E-04
0.7415,2.96E-04,2.86E-04,1.24E-03,1.14E-03,3.75E-04
0.7425,2.97E-04,2.87E-04,1.24E-03,1.14E-03,3.75E-04
0.7435,2.98E-04,2.88E-04,1.24E-03,1.14E-03,3.74E-04
0.7445,2.99E-04,2.89E-04,1.24E-03,1.14E-03,3.73E-04
0.7455,3.00E-04,2.90E-04,1.24E-03,1.14E-03,3.72E-04
0.7465,3.01E-04,2.91E-04,1.24E-03,1.14E-03,3.71E-04
0.7475,3.02E-04,2.93E-04,1.24E-03,1.14E-03,3.71E-04
0.7485,3.04E-04,2.94E-04,1.24E-03,1.15E-03,3.70E-04
0.7495,3.05E-04,2.95E-04,1.24E-03,1.15E-03,3.69E-04
0.7505,3.06E-04,2.96E-04,1.24E-03,1.15E-03,3.68E-04
0.7515,3.07E-04,2.97E-04,1.24E-03,1.15E-03,3.67E-04
0.7525,3.08E-04,2.98E-04,1.24E-03,1.15E-03,3.67E-04
0.7535,3.09E-04,3.00E-04,1.24E-03,1.15E-03,3.66E-04
0.7545,3.10E-04,3.01E-04,1.24E-03,1.15E-03,3.65E-04
0.7555,3.11E-04,3.02E-04,1.24E-03,1.15E-03,3.64E-04
0.7565,3.12E-04,3.03E-04,1.24E-03,1.15E-03,3.64E-04
0.7575,3.14E-04,3.04E-04,1.24E-03,1.15E-03,3.63E-04
0.7585,3.15E-04,3.06E-04,1.24E-03,1.15E-03,3.62E-04
0.7595,3.16E-04,3.07E-04,1.24E-03,1.16E-03,3.62E-04
0.7605,3.17E-04,3.08E-04,1.24E-03,1.16E-03,3.61E-04
0.7615,3.18E-04,3.09E-04,1.24E-03,1.16E-03,3.60E-04
0.7625,3.19E-04,3.11E-04,1.24E-03,1.16E-03,3.60E-04
0.7635,3.20E-04,3.12E-04,1.24E-03,1.16E-03,3.59E-04
0.7645,3.22E-04,3.13E-04,1.24E-03,1.16E-03,3.58E-04
0.7655,3.23E-04,3.14E-04,1.24E-03,1.16E-03,3.57E-04
0.7665,3.24E-04,3.16E-04,1.24E-03,1.16E-03,3.57E-04
0.7675,3.25E-04,3.17E-04,1.24E-03,1.16E-03,3.56E-04
0.7685,3.26E-04,3.18E-04,1.25E-03,1.16E-03,3.56E-04
0.7695,3.28E-04,3.19E-04,1.25E-03,1.17E-03,3.55E-04
0.7705,3.29E-04,3.21E-04,1.25E-03,1.17E-03,3.54E-04
0.7715,3.30E-04,3.22E-04,1.25E-03,1.17E-03,3.54E-04
0.7725,3.31E-04,3.23E-04,1.25E-03,1.17E-03,3.53E-04
0.7735,3.32E-04,3.25E-04,1.25E-03,1.17E-03,3.52E-04
0.7745,3.34E-04,3.26E-04,1.25E-03,1.17E-03,3.52E-04
0.7755,3.35E-04,3.27E-04,1.25E-03,1.17E-03,3.51E-04
0.7765,3.36E-04,3.29E-04,1.25E-03,1.17E-03,3.51E-04
0.7775,3.37E-04,3.30E-04,1.25E-03,1.17E-03,3.50E-04
0.7785,3.39E-04,3.31E-04,1.25E-03,1.18E-03,3.49E-04
0.7795,3.40E-04,3.33E-04,1.25E-03,1.18E-03,3.49E-04
0.7805,3.41E-04,3.34E-04,1.25E-03,1.18E-03,3.48E-04
0.7815,3.42E-04,3.35E-04,1.25E-03,1.18E-03,3.48E-04
0.7825,3.44E-04,3.37E-04,1.25E-03,1.18E-03,3.47E-04
0.7835,3.45E-04,3.38E-04,1.25E-03,1.18E-03,3.46E-04
0.7845,3.46E-04,3.39E-04,1.25E-03,1.18E-03,3.46E-04
0.7855,3.48E-04,3.41E-04,1.25E-03,1.18E-03,3.45E-04
0.7865,3.49E-04,3.42E-04,1.25E-03,1.19E-03,3.45E-04
0.7875,3.50E-04,3.43E-04,1.25E-03,1.19E-03,3.44E-04
0.7885,3.52E-04,3.45E-04,1.26E-03,1.19E-03,3.43E-04
0.7895,3.53E-04,3.46E-04,1.26E-03,1.19E-03,3.43E-04
0.7905,3.54E-04,3.48E-04,1.26E-03,1.19E-03,3.42E-04
0.7915,3.56E-04,3.49E-04,1.26E-03,1.19E-03,3.42E-04
0.7925,3.57E-04,3.50E-04,1.26E-03,1.19E-03,3.41E-04
0.7935,3.58E-04,3.52E-04,1.26E-03,1.19E-03,3.41E-04
0.7945,3.60E-04,3.53E-04,1.26E-03,1.20E-03,3.40E-04
0.7955,3.61E-04,3.55E-04,1.26E-03,1.20E-03,3.39E-04
0.7965,3.62E-04,3.56E-04,1.26E-03,1.20E-03,3.39E-04
0.7975,3.64E-04,3.58E-04,1.26E-03,1.20E-03,3.38E-04
0.7985,3.65E-04,3.59E-04,1.26E-03,1.20E-03,3.38E-04
0.7995,3.66E-04,3.61E-04,1.26E-03,1.20E-03,3.37E-04
0.8005,3.68E-04,3.62E-04,1.26E-03,1.20E-03,3.36E-04
0.8015,3.69E-04,3.64E-04,1.27E-03,1.21E-03,3.36E-04
0.8025,3.71E-04,3.65E-04,1.27E-03,1.21E-03,3.35E-04
0.8035,3.72E-04,3.67E-04,1.27E-03,1.21E-03,3.35E-04
0.8045,3.74E-04,3.68E-04,1.27E-03,1.21E-03,3.34E-04
0.8055,3.75E-04,3.70E-04,1.27E-03,1.21E-03,3.34E-04
0.8065,3.77E-04,3.71E-04,1.27E-03,1.21E-03,3.33E-04
0.8075,3.78E-04,3.73E-04,1.27E-03,1.21E-03,3.32E-04
0.8085,3.79E-04,3.74E-04,1.27E-03,1.22E-03,3.32E-04
0.8095,3.81E-04,3.76E-04,1.27E-03,1.22E-03,3.31E-04
0.8105,3.82E-04,3.77E-04,1.27E-03,1.22E-03,3.30E-04
0.8115,3.84E-04,3.79E-04,1.27E-03,1.22E-03,3.30E-04
0.8125,3.85E-04,3.80E-04,1.28E-03,1.22E-03,3.29E-04
0.8135,3.87E-04,3.82E-04,1.28E-03,1.22E-03,3.29E-04
0.8145,3.88E-04,3.84E-04,1.28E-03,1.22E-03,3.28E-04
0.8155,3.90E-04,3.85E-04,1.28E-03,1.23E-03,3.27E-04
0.8165,3.92E-04,3.87E-04,1.28E-03,1.23E-03,3.27E-04
0.8175,3.93E-04,3.88E-04,1.28E-03,1.23E-03,3.26E-04
0.8185,3.95E-04,3.90E-04,1.28E-03,1.23E-03,3.26E-04
0.8195,3.96E-04,3.92E-04,1.28E-03,1.23E-03,3.25E-04
0.8205,3.98E-04,3.93E-04,1.28E-03,1.23E-03,3.24E-04
0.8215,3.99E-04,3.95E-04,1.29E-03,1.24E-03,3.24E-04
0.8225,4.01E-04,3.97E-04,1.29E-03,1.24E-03,3.23E-04
0.8235,4.03E-04,3.98E-04,1.29E-03,1.24E-03,3.22E-04
0.8245,4.04E-04,4.00E-04,1.29E-03,1.24E-03,3.22E-04
0.8255,4.06E-04,4.02E-04,1.29E-03,1.24E-03,3.21E-04
0.8265,4.08E-04,4.03E-04,1.29E-03,1.24E-03,3.21E-04
0.8275,4.09E-04,4.05E-04,1.29E-03,1.25E-03,3.20E-04
0.8285,4.11E-04,4.07E-04,1.30E-03,1.25E-03,3.19E-04
0.8295,4.12E-04,4.09E-04,1.30E-03,1.25E-03,3.19E-04
0.8305,4.14E-04,4.10E-04,1.30E-03,1.25E-03,3.18E-04
0.8315,4.16E-04,4.12E-04,1.30E-03,1.25E-03,3.18E-04
0.8325,4.18E-04,4.14E-04,1.30E-03,1.26E-03,3.17E-04
0.8335,4.19E-04,4.16E-04,1.30E-03,1.26E-03,3.16E-04
0.8345,4.21E-04,4.17E-04,1.30E-03,1.26E-03,3.16E-04
0.8355,4.23E-04,4.19E-04,1.31E-03,1.26E-03,3.15E-04
0.8365,4.25E-04,4.21E-04,1.31E-03,1.26E-03,3.15E-04
0.8375,4.26E-04,4.23E-04,1.31E-03,1.27E-03,3.14E-04
0.8385,4.28E-04,4.25E-04,1.31E-03,1.27E-03,3.13E-04
0.8395,4.30E-04,4.27E-04,1.31E-03,1.27E-03,3.13E-04
0.8405,4.32E-04,4.28E-04,1.31E-03,1.27E-03,3.12E-04
0.8415,4.34E-04,4.30E-04,1.31E-03,1.27E-03,3.12E-04
0.8425,4.35E-04,4.32E-04,1.32E-03,1.28E-03,3.11E-04
0.8435,4.37E-04,4.34E-04,1.32E-03,1.28E-03,3.11E-04
0.8445,4.39E-04,4.36E-04,1.32E-03,1.28E-03,3.10E-04
0.8455,4.41E-04,4.38E-04,1.32E-03,1.28E-03,3.10E-04
0.8465,4.43E-04,4.40E-04,1.32E-03,1.28E-03,3.09E-04
0.8475,4.45E-04,4.42E-04,1.33E-03,1.29E-03,3.09E-04
0.8485,4.47E-04,4.44E-04,1.33E-03,1.29E-03,3.08E-04
0.8495,4.49E-04,4.46E-04,1.33E-03,1.29E-03,3.08E-04
0.8505,4.51E-04,4.48E-04,1.33E-03,1.29E-03,3.07E-04
0.8515,4.52E-04,4.50E-04,1.33E-03,1.30E-03,3.07E-04
0.8525,4.54E-04,4.52E-04,1.33E-03,1.30E-03,3.06E-04
0.8535,4.56E-04,4.54E-04,1.34E-03,1.30E-03,3.06E-04
0.8545,4.58E-04,4.56E-04,1.34E-03,1.30E-03,3.05E-04
0.8555,4.60E-04,4.58E-04,1.34E-03,1.30E-03,3.05E-04
0.8565,4.62E-04,4.60E-04,1.34E-03,1.31E-03,3.04E-04
0.8575,4.65E-04,4.62E-04,1.35E-03,1.31E-03,3.04E-04
0.8585,4.67E-04,4.64E-04,1.35E-03,1.31E-03,3.03E-04
0.8595,4.69E-04,4.66E-04,1.35E-03,1.31E-03,3.03E-04
0.8605,4.71E-04,4.69E-04,1.35E-03,1.32E-03,3.03E-04
0.8615,4.73E-04,4.71E-04,1.35E-03,1.32E-03,3.02E-04
0.8625,4.75E-04,4.73E-04,1.36E-03,1.32E-03,3.02E-04
0.8635,4.77E-04,4.75E-04,1.36E-03,1.33E-03,3.02E-04
0.8645,4.79E-04,4.77E-04,1.36E-03,1.33E-03,3.01E-04
0.8655,4.82E-04,4.80E-04,1.36E-03,1.33E-03,3.01E-04
0.8665,4.84E-04,4.82E-04,1.37E-03,1.33E-03,3.01E-04
0.8675,4.86E-04,4.84E-04,1.37E-03,1.34E-03,3.00E-04
0.8685,4.88E-04,4.86E-04,1.37E-03,1.34E-03,3.00E-04
0.8695,4.91E-04,4.89E-04,1.37E-03,1.34E-03,3.00E-04
0.8705,4.93E-04,4.91E-04,1.38E-03,1.34E-03,2.99E-04
0.8715,4.95E-04,4.93E-04,1.38E-03,1.35E-03,2.99E-04
0.8725,4.97E-04,4.96E-04,1.38E-03,1.35E-03,2.99E-04
0.8735,5.00E-04,4.98E-04,1.38E-03,1.35E-03,2.98E-04
0.8745,5.02E-04,5.01E-04,1.39E-03,1.36E-03,2.98E-04
0.8755,5.05E-04,5.03E-04,1.39E-03,1.36E-03,2.98E-04
0.8765,5.07E-04,5.05E-04,1.39E-03,1.36E-03,2.98E-04
0.8775,5.09E-04,5.08E-04,1.39E-03,1.37E-03,2.97E-04
0.8785,5.12E-04,5.10E-04,1.40E-03,1.37E-03,2.97E-04
0.8795,5.14E-04,5.13E-04,1.40E-03,1.37E-03,2.97E-04
0.8805,5.17E-04,5.15E-04,1.40E-03,1.37E-03,2.97E-04
0.8815,5.19E-04,5.18E-04,1.41E-03,1.38E-03,2.97E-04
0.8825,5.22E-04,5.21E-04,1.41E-03,1.38E-03,2.96E-04
0.8835,5.25E-04,5.23E-04,1.41E-03,1.38E-03,2.96E-04
0.8845,5.27E-04,5.26E-04,1.41E-03,1.39E-03,2.96E-04
0.8855,5.30E-04,5.29E-04,1.42E-03,1.39E-03,2.96E-04
0.8865,5.33E-04,5.31E-04,1.42E-03,1.39E-03,2.96E-04
0.8875,5.35E-04,5.34E-04,1.42E-03,1.40E-03,2.95E-04
0.8885,5.38E-04,5.37E-04,1.43E-03,1.40E-03,2.95E-04
0.8895,5.41E-04,5.40E-04,1.43E-03,1.41E-03,2.95E-04
0.8905,5.44E-04,5.42E-04,1.43E-03,1.41E-03,2.95E-04
0.8915,5.46E-04,5.45E-04,1.44E-03,1.41E-03,2.95E-04
0.8925,5.49E-04,5.48E-04,1.44E-03,1.42E-03,2.94E-04
0.8935,5.52E-04,5.51E-04,1.45E-03,1.42E-03,2.94E-04
0.8945,5.55E-04,5.54E-04,1.45E-03,1.42E-03,2.94E-04
0.8955,5.58E-04,5.57E-04,1.45E-03,1.43E-03,2.94E-04
0.8965,5.61E-04,5.60E-04,1.46E-03,1.43E-03,2.94E-04
0.8975,5.64E-04,5.63E-04,1.46E-03,1.44E-03,2.94E-04
0.8985,5.67E-04,5.66E-04,1.46E-03,1.44E-03,2.93E-04
0.8995,5.70E-04,5.69E-04,1.47E-03,1.44E-03,2.93E-04
0.9005,5.73E-04,5.72E-04,1.47E-03,1.45E-03,2.93E-04
0.9015,5.76E-04,5.76E-04,1.48E-03,1.45E-03,2.93E-04
0.9025,5.80E-04,5.79E-04,1.48E-03,1.46E-03,2.93E-04
0.9035,5.83E-04,5.82E-04,1.48E-03,1.46E-03,2.93E-04
0.9045,5.86E-04,5.85E-04,1.49E-03,1.47E-03,2.93E-04
0.9055,5.89E-04,5.89E-04,1.49E-03,1.47E-03,2.93E-04
0.9065,5.93E-04,5.92E-04,1.50E-03,1.48E-03,2.93E-04
0.9075,5.96E-04,5.95E-04,1.50E-03,1.48E-03,2.92E-04
0.9085,6.00E-04,5.99E-04,1.51E-03,1.49E-03,2.92E-04
0.9095,6.03E-04,6.02E-04,1.51E-03,1.49E-03,2.92E-04
0.9105,6.07E-04,6.06E-04,1.52E-03,1.50E-03,2.92E-04
0.9115,6.10E-04,6.10E-04,1.52E-03,1.50E-03,2.92E-04
0.9125,6.14E-04,6.13E-04,1.53E-03,1.51E-03,2.92E-04
0.9135,6.18E-04,6.17E-04,1.53E-03,1.51E-03,2.92E-04
0.9145,6.21E-04,6.21E-04,1.54E-03,1.52E-03,2.92E-04
0.9155,6.25E-04,6.24E-04,1.54E-03,1.52E-03,2.92E-04
0.9165,6.29E-04,6.28E-04,1.55E-03,1.53E-03,2.92E-04
0.9175,6.33E-04,6.32E-04,1.55E-03,1.53E-03,2.92E-04
0.9185,6.37E-04,6.36E-04,1.56E-03,1.54E-03,2.93E-04
0.9195,6.41E-04,6.40E-04,1.57E-03,1.55E-03,2.93E-04
0.9205,6.45E-04,6.44E-04,1.57E-03,1.55E-03,2.93E-04
0.9215,6.49E-04,6.48E-04,1.58E-03,1.56E-03,2.93E-04
0.9225,6.53E-04,6.52E-04,1.58E-03,1.57E-03,2.93E-04
0.9235,6.57E-04,6.57E-04,1.59E-03,1.57E-03,2.93E-04
0.9245,6.62E-04,6.61E-04,1.60E-03,1.58E-03,2.94E-04
0.9255,6.66E-04,6.65E-04,1.60E-03,1.59E-03,2.94E-04
0.9265,6.70E-04,6.70E-04,1.61E-03,1.59E-03,2.94E-04
0.9275,6.75E-04,6.74E-04,1.62E-03,1.60E-03,2.95E-04
0.9285,6.79E-04,6.79E-04,1.62E-03,1.61E-03,2.95E-04
0.9295,6.84E-04,6.84E-04,1.63E-03,1.61E-03,2.95E-04
0.9305,6.89E-04,6.88E-04,1.64E-03,1.62E-03,2.96E-04
0.9315,6.94E-04,6.93E-04,1.65E-03,1.63E-03,2.96E-04
0.9325,6.98E-04,6.98E-04,1.65E-03,1.64E-03,2.97E-04
0.9335,7.03E-04,7.03E-04,1.66E-03,1.64E-03,2.97E-04
0.9345,7.08E-04,7.08E-04,1.67E-03,1.65E-03,2.98E-04
0.9355,7.14E-04,7.13E-04,1.68E-03,1.66E-03,2.98E-04
0.9365,7.19E-04,7.19E-04,1.68E-03,1.67E-03,2.99E-04
0.9375,7.24E-04,7.24E-04,1.69E-03,1.68E-03,2.99E-04
0.9385,7.30E-04,7.29E-04,1.70E-03,1.69E-03,3.00E-04
0.9395,7.35E-04,7.35E-04,1.71E-03,1.69E-03,3.01E-04
0.9405,7.41E-04,7.41E-04,1.72E-03,1.70E-03,3.01E-04
0.9415,7.47E-04,7.47E-04,1.73E-03,1.71E-03,3.02E-04
0.9425,7.53E-04,7.53E-04,1.74E-03,1.72E-03,3.03E-04
0.9435,7.59E-04,7.59E-04,1.74E-03,1.73E-03,3.04E-04
0.9445,7.65E-04,7.65E-04,1.75E-03,1.74E-03,3.04E-04
0.9455,7.72E-04,7.72E-04,1.76E-03,1.75E-03,3.05E-04
0.9465,7.78E-04,7.78E-04,1.77E-03,1.76E-03,3.06E-04
0.9475,7.85E-04,7.85E-04,1.78E-03,1.77E-03,3.07E-04
0.9485,7.92E-04,7.92E-04,1.79E-03,1.78E-03,3.08E-04
0.9495,7.99E-04,7.99E-04,1.80E-03,1.79E-03,3.09E-04
0.9505,8.06E-04,8.06E-04,1.81E-03,1.80E-03,3.10E-04
0.9515,8.14E-04,8.14E-04,1.82E-03,1.81E-03,3.11E-04
0.9525,8.22E-04,8.21E-04,1.83E-03,1.82E-03,3.12E-04
0.9535,8.29E-04,8.29E-04,1.84E-03,1.83E-03,3.14E-04
0.9545,8.38E-04,8.37E-04,1.86E-03,1.84E-03,3.15E-04
0.9555,8.46E-04,8.46E-04,1.87E-03,1.85E-03,3.16E-04
0.9565,8.55E-04,8.54E-04,1.88E-03,1.87E-03,3.18E-04
0.9575,8.64E-04,8.63E-04,1.89E-03,1.88E-03,3.19E-04
0.9585,8.73E-04,8.73E-04,1.91E-03,1.89E-03,3.21E-04
0.9595,8.82E-04,8.82E-04,1.92E-03,1.91E-03,3.23E-04
0.9605,8.92E-04,8.92E-04,1.93E-03,1.92E-03,3.24E-04
0.9615,9.02E-04,9.02E-04,1.95E-03,1.94E-03,3.26E-04
0.9625,9.13E-04,9.13E-04,1.97E-03,1.96E-03,3.28E-04
0.9635,9.23E-04,9.23E-04,1.98E-03,1.97E-03,3.30E-04
0.9645,9.34E-04,9.34E-04,2.00E-03,1.99E-03,3.33E-04
0.9655,9.46E-04,9.46E-04,2.02E-03,2.01E-03,3.35E-04
0.9665,9.57E-04,9.57E-04,2.04E-03,2.03E-03,3.38E-04
0.9675,9.69E-04,9.69E-04,2.07E-03,2.06E-03,3.40E-04
0.9685,9.82E-04,9.81E-04,2.09E-03,2.08E-03,3.43E-04
0.9695,9.94E-04,9.94E-04,2.12E-03,2.11E-03,3.46E-04
0.9705,1.01E-03,1.01E-03,2.15E-03,2.14E-03,3.49E-04
0.9715,1.02E-03,1.02E-03,2.18E-03,2.17E-03,3.53E-04
0.9725,1.03E-03,1.03E-03,2.22E-03,2.21E-03,3.56E-04
0.9735,1.05E-03,1.05E-03,2.26E-03,2.25E-03,3.60E-04
0.9745,1.06E-03,1.06E-03,2.30E-03,2.29E-03,3.64E-04
0.9755,1.08E-03,1.08E-03,2.35E-03,2.34E-03,3.68E-04
0.9765,1.10E-03,1.10E-03,2.40E-03,2.40E-03,3.72E-04
0.9775,1.11E-03,1.11E-03,2.46E-03,2.45E-03,3.77E-04
0.9785,1.14E-03,1.14E-03,2.52E-03,2.51E-03,3.81E-04
0.9795,1.16E-03,1.16E-03,2.58E-03,2.58E-03,3.86E-04
0.9805,1.18E-03,1.18E-03,2.65E-03,2.64E-03,3.91E-04
0.9815,1.21E-03,1.21E-03,2.72E-03,2.71E-03,3.97E-04
0.9825,1.25E-03,1.25E-03,2.78E-03,2.77E-03,4.03E-04
0.9835,1.28E-03,1.28E-03,2.84E-03,2.84E-03,4.09E-04
0.9845,1.32E-03,1.32E-03,2.90E-03,2.89E-03,4.17E-04
0.9855,1.36E-03,1.36E-03,2.95E-03,2.94E-03,4.25E-04
0.9865,1.40E-03,1.40E-03,2.98E-03,2.98E-03,4.35E-04
0.9875,1.45E-03,1.45E-03,3.01E-03,3.00E-03,4.47E-04
0.9885,1.49E-03,1.49E-03,3.02E-03,3.01E-03,4.62E-04
0.9895,1.54E-03,1.54E-03,3.03E-03,3.02E-03,4.81E-04
0.9905,1.61E-03,1.61E-03,3.04E-03,3.04E-03,5.06E-04
0.9915,1.70E-03,1.70E-03,3.09E-03,3.08E-03,5.41E-04
0.9925,1.84E-03,1.84E-03,3.18E-03,3.17E-03,5.88E-04
0.9935,2.05E-03,2.05E-03,3.34E-03,3.33E-03,6.54E-04
0.9945,2.31E-03,2.31E-03,3.56E-03,3.55E-03,7.45E-04
0.9955,2.60E-03,2.60E-03,3.77E-03,3.77E-03,8.70E-04
0.9965,2.79E-03,2.79E-03,3.86E-03,3.86E-03,1.03E-03
0.9975,2.69E-03,2.69E-03,3.63E-03,3.62E-03,1.16E-03
0.9985,2.00E-03,2.00E-03,2.89E-03,2.88E-03,1.06E-03
0.9995,1.15E-03,1.15E-03,2.26E-03,2.25E-03,4.47E-04
